<?xml version="1.0" ?>
<Template>
  <Collision_Height type="float" default="15" description="" />
  <Collision_Length type="float" default="10" description="" />
  <Collision_Width type="float" default="11" description="" />
  <DebugPointClear type="bool" default="false" description="" />
  <DefaultStatus type="float" default="0" description="" />
  <GroundOffset type="float" default="0" description="" />
  <IsCastShadow type="bool" default="false" description="" />
  <PathIsAccel type="float" default="1" description="" />
  <PathIsBezier type="float" default="1" description="" />
  <PathPointMoveRelative type="bool" default="true" description="" />
  <Path_IsLoop type="bool" default="false" description="" />
  <PositionList type="vector_list" description="" />
  <Range type="float" default="5000" description="" />
  <Shape_Type type="float" default="0" description="" />
  <Vel1D type="float" default="40" description="" />
</Template>
