<?xml version="1.0" ?>
<Template>
  <AttackExecRate type="float" default="100" description="" />
  <AttackRateBlade type="float" default="0" description="" />
  <AttackRateCutter type="float" default="100" description="" />
  <AttackRateNone type="float" default="0" description="" />
  <AttackingTime type="float" default="8" description="" />
  <Collision_Height type="float" default="30" description="" />
  <Collision_Length type="float" default="10" description="" />
  <Collision_Width type="float" default="10" description="" />
  <DefaultStatus type="float" default="0" description="" />
  <GroundOffset type="float" default="0" description="" />
  <IsCastShadow type="bool" default="false" description="" />
  <Range type="float" default="1000" description="" />
  <Shape_Type type="float" default="2" description="" />
</Template>
