<?xml version="1.0" ?>
<Template>
  <Collision_Height type="float" default="6" description="" />
  <Collision_Length type="float" default="23" description="" />
  <Collision_Width type="float" default="2" description="" />
  <DefaultStatus type="float" default="0" description="" />
  <GroundOffset type="float" default="0" description="" />
  <Interval type="float" default="0.1" description="" />
  <IsCastShadow type="bool" default="false" description="" />
  <NumShotOneTime type="float" default="4" description="" />
  <Range type="float" default="10000" description="" />
  <Shape_Type type="float" default="0" description="" />
</Template>
