<?xml version="1.0" ?>
<Template>
  <ApplyVelocityRate type="float" default="0.7" description="" />
  <AttachOffsetX type="float" default="0" description="" />
  <AttachOffsetY type="float" default="0" description="" />
  <AttachOffsetZ type="float" default="0" description="" />
  <AttachTarget type="id_list" description="" />
  <DebugPointClear type="bool" default="false" description="" />
  <GroundOffset type="float" default="0" description="" />
  <IsApplyDamageVelocity type="bool" default="false" description="" />
  <IsCastShadow type="bool" default="true" description="" />
  <ModelType type="float" default="0" description="" />
  <PathIsAccel type="float" default="1" description="" />
  <PathIsBezier type="float" default="1" description="" />
  <PathPointMoveRelative type="bool" default="false" description="" />
  <Path_IsLoop type="bool" default="false" description="" />
  <PositionList type="vector_list" description="" />
  <Range type="float" default="1000" description="" />
  <StateType type="float" default="1" description="" />
  <Vel1D type="float" default="36" description="" />
</Template>
