<?xml version="1.0" ?>
<Template>
  <Collision_Height type="float" default="20" description="" />
  <Collision_Length type="float" default="32" description="" />
  <Collision_Width type="float" default="8.1" description="" />
  <DefaultStatus type="float" default="0" description="" />
  <EaseTime type="float" default="1" description="" />
  <GroundOffset type="float" default="0" description="" />
  <IsCastShadow type="bool" default="false" description="" />
  <Range type="float" default="1000" description="" />
  <Shape_Type type="float" default="0" description="" />
  <TargetVelocity type="float" default="13" description="" />
</Template>
