<?xml version="1.0" ?>
<Template>
  <Collision_Height type="float" default="24" description="" />
  <Collision_Length type="float" default="21" description="" />
  <Collision_Width type="float" default="10" description="" />
  <DefaultStatus type="float" default="0" description="" />
  <Event0 type="float" default="5" description="" />
  <Event1 type="float" default="0" description="" />
  <Event2 type="float" default="0" description="" />
  <Event3 type="float" default="0" description="" />
  <Event4 type="float" default="0" description="" />
  <GroundOffset type="float" default="0" description="" />
  <IsCastShadow type="bool" default="false" description="" />
  <Range type="float" default="10000" description="" />
  <Shape_Type type="float" default="0" description="" />
  <TargetList0 type="id_list" description="" />
  <TargetList1 type="id_list" description="" />
  <TargetList2 type="undefined" description="" />
  <TargetList3 type="undefined" description="" />
  <TargetList4 type="undefined" description="" />
  <Timer0 type="float" default="0" description="" />
  <Timer1 type="float" default="0" description="" />
  <Timer2 type="float" default="0" description="" />
  <Timer3 type="float" default="0" description="" />
  <Timer4 type="float" default="0" description="" />
</Template>
