<?xml version="1.0" ?>
<Template>
  <Amplitude type="float" default="4" description="" />
  <AttachOffsetX type="float" default="0" description="" />
  <AttachOffsetY type="float" default="0" description="" />
  <AttachOffsetZ type="float" default="0" description="" />
  <AttachTarget type="id" description="" />
  <GroundOffset type="float" default="0" description="" />
  <IsCastShadow type="bool" default="false" description="" />
  <IsForwardView type="bool" default="false" description="" />
  <IsUpsideDown type="bool" default="false" description="" />
  <IsWallJump type="bool" default="false" description="" />
  <MoveDirection type="float" default="0" description="" />
  <MoveType type="float" default="1" description="" />
  <Range type="float" default="30" description="" />
  <Velocity type="float" default="80" description="" />
</Template>
