<?xml version="1.0" ?>
<Template>
  <Angle type="float" default="4" description="" />
  <ApplyVelocity type="float" default="59" description="" />
  <GroundOffset type="float" default="0" description="" />
  <IsCastShadow type="bool" default="false" description="" />
  <LaunchAngle type="float" default="40" description="" />
  <OutOfControl type="float" default="0.25" description="" />
  <Range type="float" default="30" description="" />
  <Scale type="float" default="0.8" description="" />
</Template>
