<?xml version="1.0" ?>
<Template>
  <DebugPointClear type="bool" default="false" description="" />
  <GroundOffset type="float" default="0" description="" />
  <IsCastShadow type="bool" default="false" description="" />
  <OptionType type="float" default="0" description="" />
  <PathIsAccel type="float" default="0" description="" />
  <PathIsBezier type="float" default="1" description="" />
  <PathPointMoveRelative type="bool" default="true" description="" />
  <Path_IsLoop type="bool" default="true" description="" />
  <PositionList type="vector_list" description="" />
  <Range type="float" default="10000" description="" />
  <Vel1D type="float" default="3" description="" />
  <m_IsFixRotate type="bool" default="true" description="" />
  <m_IsMove type="bool" default="false" description="" />
  <m_IsVisible type="bool" default="false" description="" />
  <m_NumChaser type="float" default="4" description="" />
  <m_Scale type="float" default="1.5" description="" />
</Template>
