<?xml version="1.0" ?>
<Template>
  <AnimationSpeed type="float" default="1.4" description="" />
  <ChangePitchSpeed type="float" default="45" description="" />
  <FirstSpeed type="float" default="10" description="" />
  <FlyStartRange type="float" default="25" description="" />
  <GroundOffset type="float" default="0" description="" />
  <IsCastShadow type="bool" default="false" description="" />
  <IsChangePitch type="bool" default="false" description="" />
  <IsInAir type="bool" default="false" description="" />
  <MaxSpeed type="float" default="20" description="" />
  <MotionType type="float" default="0" description="" />
  <Pitch type="float" default="60" description="" />
  <Range type="float" default="100" description="" />
  <Scale type="float" default="2" description="" />
  <TargetPitch type="float" default="30" description="" />
  <WalkingRadius type="float" default="5" description="" />
</Template>
