<?xml version="1.0" ?>
<Template>
  <GroundOffset type="float" default="0" description="" />
  <IsCastShadow type="bool" default="true" description="" />
  <Path type="string" default="euc02_path_01" description="" />
  <Range type="float" default="100" description="" />
  <m_AutoStart type="bool" default="false" description="" />
  <m_CreateParam.Accele type="float" default="1" description="" />
  <m_CreateParam.FitInPath type="bool" default="true" description="" />
  <m_CreateParam.Friction type="float" default="100" description="" />
  <m_CreateParam.InitialSpeed type="float" default="8" description="" />
  <m_CreateParam.IsDamage type="bool" default="true" description="" />
  <m_CreateParam.Mass type="float" default="10000" description="" />
  <m_CreateParam.MoveByPath type="bool" default="false" description="" />
  <m_CreateParam.ObjectBreakSpeed type="float" default="0" description="" />
  <m_CreateParam.PathEndByDynamic type="bool" default="false" description="" />
  <m_CreateParam.Restitution type="float" default="0.1" description="" />
  <m_CreateParam.TurnParam.m_TurnAccel type="float" default="2" description="" />
  <m_CreateParam.TurnParam.m_TurnDecel type="float" default="1" description="" />
  <m_CreateParam.TurnParam.m_TurnVelocityMax type="float" default="5" description="" />
  <m_CreateParam.VelocityMax type="float" default="10" description="" />
  <m_CreateSpanTime type="float" default="5" description="" />
  <m_IsMessageOn type="bool" default="true" description="" />
  <m_IsOnceActive type="bool" default="true" description="" />
  <m_LeftInNext type="bool" default="true" description="" />
</Template>
