<?xml version="1.0" ?>
<Template>
  <BrokenAirShip type="id" description="" />
  <GroundOffset type="float" default="0" description="" />
  <IsCastShadow type="bool" default="false" description="" />
  <OpenPlateCamera type="id" description="" />
  <Range type="float" default="10000" description="" />
  <TopOfHourCamera type="id" description="" />
  <m_CollisionRadius type="float" default="0.7" description="" />
  <m_LongHand.Degree type="float" default="110" description="" />
  <m_LongHand.DepthOffset type="float" default="0" description="" />
  <m_LongHand.RotSpeed type="float" default="10" description="" />
  <m_PlateDepthOffset type="float" default="-2.5" description="" />
  <m_PlateOpenTime type="float" default="2" description="" />
  <m_PlateOpenedDegree type="float" default="90" description="" />
  <m_SetTopOfHourTime type="float" default="2" description="" />
  <m_ShortHand.Degree type="float" default="-120" description="" />
  <m_ShortHand.DepthOffset type="float" default="0" description="" />
  <m_ShortHand.RotSpeed type="float" default="3" description="" />
</Template>
