<?xml version="1.0" ?>
<Template>
  <FireBalloonSetNo type="float" default="3" description="" />
  <GroundOffset type="float" default="0" description="" />
  <IndividualDesignNo00 type="float" default="0" description="" />
  <IndividualDesignNo01 type="float" default="0" description="" />
  <IndividualDesignNo02 type="float" default="0" description="" />
  <IndividualDesignNo03 type="float" default="0" description="" />
  <IndividualDesignNo04 type="float" default="0" description="" />
  <IndividualDesignNo05 type="float" default="0" description="" />
  <IndividualDesignNo06 type="float" default="0" description="" />
  <IndividualDesignNo07 type="float" default="0" description="" />
  <IndividualDesignNo08 type="float" default="0" description="" />
  <IndividualDesignNo09 type="float" default="0" description="" />
  <IsCastShadow type="bool" default="false" description="" />
  <Range type="float" default="300" description="" />
  <m_BalloonCreateMaxNum type="float" default="5" description="" />
  <m_CreateSpanTime type="float" default="3" description="" />
  <m_CreateWaitTime type="float" default="60" description="" />
  <m_IsEnable type="bool" default="true" description="" />
  <m_IsEnableIndividualDesign type="bool" default="false" description="" />
  <m_IsIndividualDesignOnlyFirst type="bool" default="false" description="" />
  <m_KillHeight type="float" default="150" description="" />
  <m_MaxPresetBaseHeight type="float" default="50" description="" />
  <m_MaxVelocity type="float" default="5" description="" />
  <m_MinPresetBaseHeight type="float" default="10" description="" />
  <m_MinVelocity type="float" default="1" description="" />
  <m_NumPresetBalloon type="float" default="5" description="" />
</Template>
