<?xml version="1.0" ?>
<Template>
  <GroundOffset type="float" default="0" description="" />
  <IsCastShadow type="bool" default="false" description="" />
  <Range type="float" default="100" description="" />
  <WayPointA type="vector" description="" />
  <m_AcceleSpped type="float" default="7" description="" />
  <m_EndOffset type="float" default="0" description="" />
  <m_IsFall type="bool" default="true" description="" />
  <m_MaxSpeed type="float" default="8" description="" />
  <m_StartOffset type="float" default="0" description="" />
</Template>
