<?xml version="1.0" ?>
<Template>
  <GroundOffset type="float" default="0" description="" />
  <IsCastShadow type="bool" default="true" description="" />
  <Range type="float" default="30" description="" />
  <Size type="float" default="0" description="" />
  <m_BottomStopTime type="float" default="0.3" description="" />
  <m_DownTime type="float" default="0.2" description="" />
  <m_IsBottomStart type="bool" default="false" description="" />
  <m_IsDropSELater type="bool" default="false" description="" />
  <m_IsIgnoreCameraCollision type="bool" default="false" description="" />
  <m_IsMessageOn type="bool" default="true" description="" />
  <m_IsNoPress type="bool" default="true" description="" />
  <m_IsNotUp type="bool" default="false" description="" />
  <m_MessageOnDelayTime type="float" default="0" description="" />
  <m_Phase type="float" default="0" description="" />
  <m_TopStopTime type="float" default="1.5" description="" />
  <m_UpDownWidth type="float" default="3.5" description="" />
  <m_UpTime type="float" default="1" description="" />
</Template>
