<?xml version="1.0" ?>
<Template>
  <GroundOffset type="float" default="0" description="" />
  <IsCastShadow type="bool" default="true" description="" />
  <m_BarrelStopDistance type="float" default="60" description="" />
  <m_EscapeUpSpeed type="float" default="20" description="" />
  <m_FlyingHeight type="float" default="25" description="" />
  <m_GapDistance type="float" default="150" description="" />
  <m_OffsetPosition type="float" default="140" description="" />
  <m_SlowIntervalCreate type="float" default="2.2" description="" />
  <m_StartOffsetHeight type="float" default="30" description="" />
  <m_Velocity type="float" default="0" description="" />
  <v.m_DoubleAttackRatio type="float" default="0" description="" />
  <v.m_FirstVelocity type="float" default="20" description="" />
  <v.m_FitInPath type="bool" default="true" description="" />
  <v.m_IntervalCreate type="float" default="2.2" description="" />
  <v.m_LimitNum type="float" default="-1" description="" />
  <v.m_MaxVelocity type="float" default="35" description="" />
  <v.m_Scale type="float" default="0.9" description="" />
  <Range type="float" default="700" description="" />
</Template>
