<?xml version="1.0" ?>
<Template>
  <Collision_Height type="float" default="20" description="" />
  <Collision_Length type="float" default="35" description="" />
  <Collision_Width type="float" default="15" description="" />
  <DefaultStatus type="float" default="0" description="" />
  <EaseTimeIn type="float" default="1.5" description="" />
  <EaseTimeOut type="float" default="1.5" description="" />
  <FollowRatio type="float" default="1" description="" />
  <FollowRatioCam type="float" default="1" description="" />
  <FollowRatioTrg type="float" default="1" description="" />
  <FollowXYZ type="float" default="4" description="" />
  <GroundOffset type="float" default="0" description="" />
  <IsCameraView type="bool" default="false" description="" />
  <IsCastShadow type="bool" default="true" description="" />
  <OffsetPosX type="float" default="1" description="" />
  <OffsetPosY type="float" default="1" description="" />
  <OffsetPosZ type="float" default="0" description="" />
  <OffsetTrgX type="float" default="0" description="" />
  <OffsetTrgY type="float" default="0" description="" />
  <OffsetTrgZ type="float" default="0" description="" />
  <Range type="float" default="100" description="" />
  <Shape_Type type="float" default="0" description="" />
</Template>
