<?xml version="1.0" ?>
<Template>
  <ACameraID type="id" description="SetObjID of the camera to activate when passing through the object in the opposite direction." />
  <ACameraPriority type="float" default="0" description="" />
  <ALinkObjID type="id" description="SetObjID of another CameraCollisionBoard. The camera will reset when Sonic passes through all linked boards. If the ID is 0, the camera will return to normal." />
  <ALinkSide type="float" default="1" description="" />
  <AObjType type="float" default="0" description="" />
  <BCameraID type="id" description="SetObjID of the camera to activate when passing through the object." />
  <BCameraPriority type="float" default="0" description="" />
  <BLinkObjID type="id" description="SetObjID of another CameraCollisionBoard. The camera will reset when Sonic passes through all linked boards. If the ID is 0, the camera will return to normal." />
  <BLinkSide type="float" default="0" description="" />
  <BObjType type="float" default="0" description="" />
  <Collision_Height type="float" default="20" description="" />
  <Collision_Width type="float" default="10" description="" />
  <EaseTime_AtoB type="float" default="1" description="Time taken to swap between cameras." />
  <EaseTime_BtoA type="float" default="1" description="Time taken to swap between cameras." />
  <GroundOffset type="float" default="0" description="" />
  <IsCastShadow type="bool" default="true" description="" />
  <Range type="float" default="100" description="" />
  
  <Extra type="preview_box_x" name="Collision_Width" />
  <Extra type="preview_box_y" name="Collision_Height" />
  <Extra type="description" name="A wall which activates custom cameras depending on how Sonic passes through it." />
</Template>
