<?xml version="1.0" ?>
<Template>
  <Collision_Height type="float" default="15" description="" />
  <Collision_Width type="float" default="26" description="" />
  <EaseTimeIn type="float" default="0.1" description="" />
  <EaseTimeOut type="float" default="0.1" description="" />
  <ExecTime type="float" default="0.1" description="" />
  <FollowRatio type="float" default="1" description="" />
  <FollowRatioCam type="float" default="0.55" description="" />
  <FollowRatioTrg type="float" default="1" description="" />
  <FollowXYZ type="float" default="0" description="" />
  <GroundOffset type="float" default="0" description="" />
  <IsCameraView type="bool" default="false" description="" />
  <IsCastShadow type="bool" default="true" description="" />
  <IsResetOld type="bool" default="false" description="" />
  <OffsetPosX type="float" default="0" description="" />
  <OffsetPosY type="float" default="0" description="" />
  <OffsetPosZ type="float" default="0" description="" />
  <OffsetTrgX type="float" default="0" description="" />
  <OffsetTrgY type="float" default="0" description="" />
  <OffsetTrgZ type="float" default="0" description="" />
  <Range type="float" default="100" description="" />
</Template>
