<?xml version="1.0" ?>
<Template>
  <CameraPositionMode type="float" default="1" description="Determines whether the camera should be stationary or follow Sonic from a specified distance." />
  <Distance type="float" default="10" description="Distance from the player." />
  <Ease_Time_Enter type="float" default="0" description="Time taken to swap to this camera." />
  <Ease_Time_Leave type="float" default="0" description="Time taken to swap out of this camera." />
  <FaceType type="float" default="0" description="" />
  <Fovy type="float" default="45" description="" />
  <GroundOffset type="float" default="0" description="" />
  <IsCameraView type="bool" default="false" description="" />
  <IsCastShadow type="bool" default="true" description="" />
  <IsCollision type="bool" default="false" description="" />
  <IsControllable type="bool" default="false" description="" />
  <OffsetPitch type="float" default="0" description="" />
  <OffsetYaw type="float" default="0" description="" />
  <Radius type="float" default="1" description="" />
  <Range type="float" default="100000" description="Area in which the camera exists." />
  <Target type="id" description="" />
  <TargetOffset_Front type="float" default="0" description="" />
  <TargetOffset_Right type="float" default="0" description="" />
  <TargetOffset_Up type="float" default="0" description="" />
  <TargetPositionFix type="vector" description="" />
  <Target_Type type="float" default="0" description="" />
  <ZRot type="float" default="0" description="" />
  
  <Extra type="model" name="Camera.mesh" />
  <Extra type="description" name="A camera which tracks Sonic from the object's location." />
</Template>
