<?xml version="1.0" ?>
<Template>
  <Distance type="float" default="17" description="" />
  <Ease_Time_Enter type="float" default="0" description="" />
  <Ease_Time_Leave type="float" default="0" description="" />
  <Fovy type="float" default="40" description="" />
  <GroundOffset type="float" default="0" description="" />
  <IsCameraView type="bool" default="false" description="" />
  <IsCastShadow type="bool" default="true" description="" />
  <IsCollision type="bool" default="false" description="" />
  <IsControllable type="bool" default="false" description="" />
  <LookPathType type="float" default="0" description="" />
  <LookSpeed type="float" default="5" description="" />
  <OffsetOnLookPath type="float" default="0" description="" />
  <PathID type="float" default="1" description="" />
  <Range type="float" default="10030" description="" />
  <Target type="id" description="" />
  <TargetOffset_Front type="float" default="0" description="" />
  <TargetOffset_Right type="float" default="0" description="" />
  <TargetOffset_Up type="float" default="1" description="" />
  <TargetOffset_Vel type="float" default="0" description="" />
  <TargetPositionFix type="vector" description="" />
  <Target_Type type="float" default="0" description="" />
  <VelOffsetXYZ type="float" default="2" description="" />
  <ZRot type="float" default="0" description="" />
</Template>
