<?xml version="1.0" ?>
<Template>
  <Ease_Time_Enter type="float" default="0" description="" />
  <Ease_Time_Leave type="float" default="0" description="" />
  <GroundOffset type="float" default="0" description="" />
  <IsCameraView type="bool" default="false" description="" />
  <IsCollision type="bool" default="true" description="" />
  <VerticalOffsetForSonic type="float" default="1.7" description="" />
  <m_Param.Distance type="float" default="8" description="" />
  <m_Param.Fovy type="float" default="45" description="" />
  <m_Param.TargetPitch type="float" default="0" description="" />
  <m_Param.TargetYaw type="float" default="0" description="" />
  
  <Extra type="model" name="Camera.mesh" />
  <Extra type="description" name="Restores the camera to normal." />
</Template>
