<?xml version="1.0" ?>
<Template>
  <Ease_Time_Enter type="float" default="0" description="" />
  <Ease_Time_Leave type="float" default="0" description="" />
  <EyeOffsetY type="float" default="2" description="" />
  <EyeOffsetZ type="float" default="-8" description="" />
  <EyeRatio type="float" default="0.6" description="" />
  <GroundOffset type="float" default="0" description="" />
  <IsCameraView type="bool" default="true" description="" />
  <IsCastShadow type="bool" default="true" description="" />
  <IsCollision type="bool" default="true" description="" />
  <PathID type="float" default="3" description="" />
  <Range type="float" default="100000" description="" />
  <TrgOffsetY type="float" default="1" description="" />
  <TrgOffsetZ type="float" default="15" description="" />
  <TrgRatio type="float" default="0.5" description="" />
</Template>
