<?xml version="1.0" ?>
<Template>
  <Distance type="float" default="5" description="Distance from the player." />
  <Ease_Time_Enter type="float" default="0" description="Time taken to swap to this camera." />
  <Ease_Time_Leave type="float" default="0" description="Time taken to swap out of this camera." />
  <Fovy type="float" default="50.0999" description="" />
  <GroundOffset type="float" default="0" description="" />
  <IsCameraView type="bool" default="false" description="" />
  <IsCastShadow type="bool" default="true" description="" />
  <IsCollision type="bool" default="false" description="" />
  <IsControllable type="bool" default="false" description="" />
  <Range type="float" default="100000" description="Area in which the camera exists." />
  <Target type="id" description="Unused(?) in favor of TargetObject." />
  <TargetObject type="id" description="SetObjID of the object to track." />
  <TargetOffset_Front type="float" default="0" description="" />
  <TargetOffset_Right type="float" default="0" description="" />
  <TargetOffset_Up type="float" default="0" description="" />
  <TargetOffset_Vel type="float" default="0" description="" />
  <TargetOffset_WorldX type="float" default="0" description="" />
  <TargetOffset_WorldY type="float" default="6.1" description="" />
  <TargetOffset_WorldZ type="float" default="0" description="" />
  <TargetPositionFix type="vector" description="" />
  <Target_Type type="float" default="0" description="" />
  <VelOffsetXYZ type="float" default="0" description="" />
  <ZRot type="float" default="0" description="" />
  
  <Extra type="model" name="Camera.mesh" />
  <Extra type="description" name="A camera which focuses on an object, even if it moves." />
</Template>
