<?xml version="1.0" ?>
<Template>
  <DirectionXZ type="float" default="0" description="" />
  <GroundOffset type="float" default="0" description="" />
  <IsCastShadow type="bool" default="false" description="" />
  <IsFinalAttackMode type="bool" default="false" description="" />
  <IsVisible type="bool" default="false" description="" />
  <PointList type="vector_list" description="" />
  <Range type="float" default="10000" description="" />
  <ResultPosition type="vector" description="" />
</Template>
