<?xml version="1.0" ?>
<Template>
  <Camera00CameraTime type="float" default="0.5" description="" />
  <Camera00EnterEaseTime type="float" default="0" description="" />
  <Camera00ID type="id" description="" />
  <Camera01CameraTime type="float" default="1.2" description="" />
  <Camera01EnterEaseTime type="float" default="0.8" description="" />
  <Camera01ID type="id" description="" />
  <Camera02CameraTime type="float" default="0" description="" />
  <Camera02EnterEaseTime type="float" default="0" description="" />
  <Camera02ID type="id" description="" />
  <GroundOffset type="float" default="0" description="" />
  <IsCastShadow type="bool" default="true" description="" />
  <LastEaseTime type="float" default="0" description="" />
  <Range type="float" default="10000" description="" />
  <Type type="float" default="1" description="" />
</Template>
