<?xml version="1.0" ?>
<Template>
  <BeamTarget type="vector" description="" />
  <Collision_Height type="float" default="46" description="" />
  <Collision_Length type="float" default="48" description="" />
  <Collision_Width type="float" default="10" description="" />
  <DefaultStatus type="float" default="0" description="" />
  <GroundOffset type="float" default="0" description="" />
  <IsCastShadow type="bool" default="false" description="" />
  <IsForce type="bool" default="false" description="" />
  <Range type="float" default="200" description="" />
  <RotValue type="float" default="0" description="" />
  <SeparateTime type="float" default="3.2" description="" />
  <Shape_Type type="float" default="0" description="" />
  <Type type="float" default="2" description="" />
</Template>
