<?xml version="1.0" ?>
<Template>
  <BeamTarget type="vector" description="" />
  <Collision_Height type="float" default="24" description="" />
  <Collision_Width type="float" default="24" description="" />
  <GroundOffset type="float" default="0" description="" />
  <IsCastShadow type="bool" default="false" description="" />
  <IsForce type="bool" default="true" description="" />
  <IsOnce type="bool" default="false" description="" />
  <Range type="float" default="100" description="" />
  <RotValue type="float" default="260" description="" />
  <Type type="float" default="0" description="" />
</Template>
