<?xml version="1.0" ?>
<Template>
  <Amplitude type="float" default="0" description="" />
  <AttachOffsetX type="float" default="0" description="" />
  <AttachOffsetY type="float" default="0" description="" />
  <AttachOffsetZ type="float" default="0" description="" />
  <AttachTarget type="id_list" description="" />
  <BeginEdge type="bool" default="false" description="" />
  <Cycle type="float" default="0" description="" />
  <DebrisTarget type="vector" description="" />
  <DelayUpNotify type="float" default="0" description="" />
  <FloorType type="float" default="2" description="" />
  <GroundOffset type="float" default="0" description="" />
  <IsAlreadyUp type="bool" default="false" description="" />
  <IsCastShadow type="bool" default="false" description="" />
  <IsIgnoreStageEvent type="bool" default="false" description="" />
  <IsUseWaterPillar type="bool" default="false" description="" />
  <Phase type="float" default="0" description="" />
  <Range type="float" default="100" description="" />
  <Ratio type="float" default="0" description="" />
  <RecoveryTime type="float" default="3" description="" />
  <WaterEffectSurfaceOffset type="float" default="-1.2" description="" />
</Template>
