<?xml version="1.0" ?>
<Template>
  <Block01 type="bool" default="true" description="" />
  <Block02 type="bool" default="true" description="" />
  <Block03 type="bool" default="true" description="" />
  <Block04 type="bool" default="true" description="" />
  <Block05 type="bool" default="false" description="" />
  <DownHeight type="float" default="38.9" description="" />
  <GroundOffset type="float" default="0" description="" />
  <GuideHeight type="float" default="2" description="" />
  <IsCastShadow type="bool" default="false" description="" />
  <LanchHeight type="float" default="5" description="" />
  <Range type="float" default="100" description="" />
</Template>
