<?xml version="1.0" ?>
<Template>
  <GroundOffset type="float" default="0" description="" />
  <Interval type="float" default="5" description="" />
  <IsCastShadow type="bool" default="true" description="" />
  <Range type="float" default="200" description="" />
  <Scale type="float" default="0.8" description="" />
  <Size type="float" default="0" description="" />
  <Speed type="float" default="1" description="" />
  <Type type="float" default="0" description="" />
  <useStop type="bool" default="false" description="" />
</Template>
