<?xml version="1.0" ?>
<Template>
  <Accel0 type="float" default="1" description="" />
  <Accel1 type="float" default="5" description="" />
  <Accel2 type="float" default="1" description="" />
  <AccelEnd0 type="float" default="0.1" description="" />
  <AccelEnd1 type="float" default="3.2" description="" />
  <AccelEnd2 type="float" default="0.1" description="" />
  <AccelStart0 type="float" default="0" description="" />
  <AccelStart1 type="float" default="9" description="" />
  <AccelStart2 type="float" default="0" description="" />
  <AccelType0 type="float" default="0" description="" />
  <AccelType1 type="float" default="0" description="" />
  <AccelType2 type="float" default="0" description="" />
  <EndStoper type="bool" default="true" description="" />
  <GroundOffset type="float" default="0" description="" />
  <IsCastShadow type="bool" default="false" description="" />
  <LeftRight type="float" default="0" description="" />
  <Range type="float" default="30" description="" />
  <ReverseStart type="bool" default="true" description="" />
  <SizeType type="float" default="0" description="" />
  <StartPos type="float" default="17.5044" description="" />
  <StartStoper type="bool" default="true" description="" />
  <endAddVel type="float" default="5" description="" />
  <pathID type="float" default="6" description="" />
  <startAddVel type="float" default="5" description="" />
</Template>
