<?xml version="1.0" ?>
<Template>
  <EventOFF type="float" default="0" description="" />
  <EventON type="float" default="6" description="" />
  <GroundOffset type="float" default="0" description="" />
  <IsCastShadow type="bool" default="false" description="" />
  <Range type="float" default="30" description="" />
  <ReverseTime type="float" default="4" description="" />
  <StopTime type="float" default="0.1" description="" />
  <TargetListOFF type="undefined" description="" />
  <TargetListON type="id_list" description="" />
  <TimerOFF type="float" default="0" description="" />
  <TimerON type="float" default="0" description="" />
</Template>
