<?xml version="1.0" ?>
<Template>
  <Accel type="float" default="10" description="" />
  <ChargeTime type="float" default="2" description="" />
  <DebugPointClear_Way type="bool" default="false" description="" />
  <GroundOffset type="float" default="0" description="" />
  <Interval type="float" default="5" description="" />
  <IsCastShadow type="bool" default="false" description="" />
  <IsMessageBoot type="bool" default="true" description="" />
  <IsOnlyOneShot type="bool" default="false" description="" />
  <LifeTime type="float" default="-0.1" description="" />
  <MaxSpeed type="float" default="20" description="" />
  <MinSpeed type="float" default="0.1" description="" />
  <MisRangeOut type="float" default="-0.1" description="" />
  <PathIsAccel_Way type="float" default="0" description="" />
  <PathIsBezier_Way type="float" default="1" description="" />
  <PathPointMoveRelative_Way type="bool" default="true" description="" />
  <Path_IsLoop_Way type="bool" default="false" description="" />
  <PositionList_Way type="vector_list" description="" />
  <Range type="float" default="70" description="" />
  <Type type="float" default="0" description="" />
  <Vel1D_Way type="float" default="10" description="" />
</Template>
