<?xml version="1.0" ?>
<Template>
  <DebugPointClear_Way type="bool" default="false" description="" />
  <GroundOffset type="float" default="0" description="" />
  <IsCastShadow type="bool" default="false" description="" />
  <MotionType type="float" default="0" description="" />
  <MoveType type="float" default="0" description="" />
  <PathIsAccel_Way type="float" default="0" description="" />
  <PathIsBezier_Way type="float" default="1" description="" />
  <PathPointMoveRelative_Way type="bool" default="true" description="" />
  <Path_IsLoop_Way type="bool" default="false" description="" />
  <Phase type="float" default="0" description="" />
  <PositionList_Way type="vector_list" description="" />
  <Range type="float" default="30" description="" />
  <UpBaseSpeed type="float" default="1.2" description="" />
  <UpTime type="float" default="0.5" description="" />
  <Vel1D_Way type="float" default="10" description="" />
</Template>
