<?xml version="1.0" ?>
<Template>
  <DeadPos type="float" default="0" description="" />
  <DeadType type="float" default="0" description="" />
  <FallOutTime type="float" default="2" description="" />
  <FirstSpeed type="float" default="7" description="" />
  <GenerateType type="float" default="0" description="" />
  <GroundOffset type="float" default="0" description="" />
  <Interavl type="float" default="2.5" description="" />
  <IsCastShadow type="bool" default="false" description="" />
  <MaxSpeed type="float" default="7" description="" />
  <MinSpeed type="float" default="6" description="" />
  <NoDamageTime type="float" default="3" description="" />
  <Path type="string" default="pla200_track01" description="" />
  <Range type="float" default="100" description="" />
  <VisualType type="float" default="0" description="" />
</Template>
