<?xml version="1.0" ?>
<Template>
  <ChangeDeadType type="bool" default="true" description="" />
  <DeadPos type="float" default="20.1" description="" />
  <DeadType type="float" default="2" description="" />
  <GroundOffset type="float" default="0" description="" />
  <IsCastShadow type="bool" default="false" description="" />
  <JumpTime type="float" default="0.400001" description="" />
  <Path type="string" default="pla200_track09" description="" />
  <PathPosition type="float" default="2.1" description="" />
  <PlaneVel type="float" default="8.89998" description="" />
  <Range type="float" default="100" description="" />
  <UpVel type="float" default="0" description="" />
  <_SetPath type="string" default="pla200_track01" description="" />
  <_SetPathPosition type="float" default="0" description="" />
</Template>
