<?xml version="1.0" ?>
<Template>
  <GroundOffset type="float" default="0" description="" />
  <ImpulseSpeedOnBoost type="float" default="41" description="" />
  <ImpulseSpeedOnNormal type="float" default="41" description="" />
  <IsCastShadow type="bool" default="false" description="" />
  <IsTo3D type="bool" default="true" description="" />
  <OutOfControl type="float" default="3.5" description="" />
  <Range type="float" default="200" description="" />
  <SizeType type="float" default="1" description="" />
  <Extra type="model" name="cmn_obj_trickpanel30M_HD.model" condition="SizeType == 0" />
  <Extra type="model" name="cmn_obj_trickpanel30L_HD.model" condition="SizeType == 1" />
</Template>
