<?xml version="1.0" ?>
<Template>
  <BalloonColor type="float" default="0" description="" />
  <Dimension type="float" default="1" description="" />
  <GroundOffset type="float" default="0" description="" />
  <IsCastShadow type="bool" default="true" description="" />
  <IsDefaultPositionRecover type="bool" default="false" description="" />
  <IsGroup type="bool" default="false" description="" />
  <Range type="float" default="100" description="" />
  <ReviveTime type="float" default="5" description="" />
  <SpeedMax type="float" default="20" description="" />
  <SpeedMin type="float" default="5" description="" />
  <UpSpeed type="float" default="20" description="" />
  <Extra type="model" name="cmn_obj_balloonB_HD.model" condition="BalloonColor == 0" />
  <Extra type="model" name="cmn_obj_balloonG_HD.model" condition="BalloonColor == 1" />
  <Extra type="model" name="cmn_obj_balloonR_HD.model" condition="BalloonColor == 2" />
  <Extra type="model" name="cmn_obj_balloonY_HD.model" condition="BalloonColor == 3" />
</Template>
