<?xml version="1.0" ?>
<Template>
  <AutoShot type="bool" default="false" description="" />
  <BaseVel type="float" default="20.4" description="" />
  <CameraEaseTime_Enter type="float" default="0.6" description="" />
  <CameraEaseTime_Keep type="float" default="0.6" description="" />
  <CameraEaseTime_Leave type="float" default="0.1" description="" />
  <CameraID type="id" description="" />
  <DstPos type="vector" description="" />
  <GroundOffset type="float" default="0" description="" />
  <IsCastShadow type="bool" default="false" description="" />
  <ModeChange type="float" default="1" description="" />
  <MoveBarrel type="bool" default="true" description="" />
  <Range type="float" default="30" description="" />
  <StaticPercent type="float" default="0" description="" />
  <Type type="float" default="0" description="" />
  <UseFloorModel type="bool" default="true" description="" />
  <VelRatio type="float" default="3" description="" />
  <Extra type="model" name="cmn_obj_canon_FV_barrel.model" />
</Template>
