<?xml version="1.0" ?>
<Template>
  <BaseVel type="float" default="30" description="" />
  <DstPos type="vector" description="" />
  <GroundOffset type="float" default="0" description="" />
  <IsCastShadow type="bool" default="false" description="" />
  <Link type="id" description="" />
  <ModeChange type="float" default="0" description="" />
  <Range type="float" default="100" description="" />
  <StaticPercent type="float" default="50" description="" />
  <VelRatio type="float" default="3" description="" />
  <Extra type="model" name="cmn_obj_canon_FV_barrel.model" />
</Template>
