<?xml version="1.0" ?>
<Template>
  <ClassicJumpAngleOnBoost type="float" default="60" description="" />
  <ClassicJumpAngleOnNormal type="float" default="60" description="" />
  <GroundOffset type="float" default="0" description="" />
  <ImpulseSpeedOnBoost type="float" default="41" description="" />
  <ImpulseSpeedOnNormal type="float" default="41" description="" />
  <IsCastShadow type="bool" default="false" description="" />
  <IsTo3D type="bool" default="false" description="" />
  <OutOfControl type="float" default="2" description="" />
  <Range type="float" default="30" description="" />
  <m_ClassicSpinThreshold type="float" default="30" description="" />
  <Extra type="model" name="cmn_obj_c_jumppanel_HD.model" />
  <Extra type="skeleton" name="cmn_obj_c_jumppanel_HD.skl.hkx" />
  <Extra type="animation" name="cmn_obj_c_jumppanel_HD.anm.hkx" />
</Template>
