<?xml version="1.0" ?>
<Template>
  <FirstSpeed type="float" default="25" description="" />
  <GroundOffset type="float" default="0" description="" />
  <IsCastShadow type="bool" default="true" description="" />
  <IsChangeCameraWhenChangePath type="bool" default="false" description="" />
  <IsChangePath type="bool" default="false" description="" />
  <IsHeadToVelocity type="bool" default="false" description="" />
  <IsTo3D type="bool" default="false" description="" />
  <KeepVelocityDistance type="float" default="5" description="" />
  <OutOfControl type="float" default="0.5" description="" />
  <Range type="float" default="60" description="" />
  <Extra type="model" name="cmn_obj_dashring_HD.model" />
</Template>
