<?xml version="1.0" ?>
<Template>
  <GroundOffset type="float" default="0" description="" />
  <IsCastShadow type="bool" default="true" description="" />
  <IsChangeCameraWhenChangePath type="bool" default="false" description="" />
  <IsChangePath type="bool" default="false" description="" />
  <IsConstantStartVelocity type="bool" default="true" description="" />
  <IsInvisible type="bool" default="false" description="" />
  <IsTo3D type="bool" default="false" description="" />
  <IsUseDelayCamera type="bool" default="true" description="" />
  <OutOfControl type="float" default="0.5" description="" />
  <Range type="float" default="100" description="" />
  <Speed type="float" default="100" description="" />
  <SpeedMax type="float" default="60" description="" />
  <SpeedMin type="float" default="30" description="" />
  <Extra type="model" name="cmn_obj_dashpanel_HD.model" />
  <Extra type="offset_rotation_y" name="180" />
</Template>
