<?xml version="1.0" ?>
<Template>
  <Base type="float" default="0" description="" />
  <GroundOffset type="float" default="0" description="" />
  <IgnoreTime type="float" default="0.5" description="" />
  <IsBDE type="bool" default="false" description="" />
  <IsCastShadow type="bool" default="false" description="" />
  <IsOneShot type="bool" default="false" description="" />
  <JumpVel type="float" default="10" description="" />
  <KeepHeight type="float" default="4.7" description="" />
  <Place type="float" default="0" description="" />
  <Range type="float" default="30" description="" />
  <Time_Off type="float" default="0" description="" />
  <Time_On type="float" default="2" description="" />
  <Time_Wait type="float" default="0" description="" />
  <TrgHeight type="float" default="7.69999" description="" />
  <Type type="float" default="0" description="" />
  <UseLoopSE type="bool" default="true" description="" />
  <UseModel type="bool" default="true" description="" />
  <WakeStart type="bool" default="true" description="" />
  <Extra type="model" name="cmn_obj_fan_HD_top.model" />
  <Extra type="skeleton" name="cmn_obj_fan_HD_top.skl.hkx" />
  <Extra type="animation" name="cmn_obj_fan_HD_top.anm.hkx" />
</Template>
