<?xml version="1.0" ?>
<Template>
  <GroundOffset type="float" default="0" description="" />
  <IsCastShadow type="bool" default="true" description="" />
  <IsFront type="bool" default="true" description="" />
  <IsStartVelocityConstant type="bool" default="true" description="" />
  <OutOfControl type="float" default="2.5" description="" />
  <Range type="float" default="100" description="" />
  <Speed type="float" default="60" description="" />
  <Extra type="model" name="cmn_obj_grindbooster_HD.model" />
  <Extra type="offset_rotation_y" name="-90" />
</Template>
