<?xml version="1.0" ?>
<Template>
  <CameraEaseTimeEnter type="float" default="0.6" description="" />
  <CameraEaseTimeKeep type="float" default="0" description="" />
  <CameraEaseTimeLeave type="float" default="1.2" description="" />
  <CameraID type="id" description="" />
  <GroundOffset type="float" default="0" description="" />
  <GuideSide type="float" default="1" description="" />
  <IsCastShadow type="bool" default="true" description="" />
  <PoleLen type="float" default="9" description="" />
  <Range type="float" default="100" description="" />
  <Extra type="model" name="cmn_obj_pole_svA.model" />
</Template>
