<?xml version="1.0" ?>
<Template>
  <GroundOffset type="float" default="0" description="" />
  <ImpulseSpeedOnBoost type="float" default="50" description="" />
  <ImpulseSpeedOnNormal type="float" default="60" description="" />
  <IsCastShadow type="bool" default="true" description="" />
  <IsTo3D type="bool" default="false" description="" />
  <LookBack type="bool" default="false" description="" />
  <OutOfControl type="float" default="2.01" description="" />
  <Range type="float" default="200" description="" />
  <RigidBody type="bool" default="true" description="" />
  <SizeType type="float" default="0" description="" />
  <Extra type="model" name="cmn_obj_jumppanel30M_HD.model" condition="SizeType == 0" />
  <Extra type="model" name="cmn_obj_jumppanel30L_HD.model" condition="SizeType == 1" />
</Template>
