<?xml version="1.0" ?>
<Template>
  <AngleType type="float" default="0" description="" />
  <GroundOffset type="float" default="0" description="" />
  <ImpulseSpeedOnBoost type="float" default="50" description="" />
  <ImpulseSpeedOnNormal type="float" default="35" description="" />
  <IsCastShadow type="bool" default="false" description="" />
  <IsTo3D type="bool" default="false" description="" />
  <LookBack type="bool" default="false" description="" />
  <OutOfControl type="float" default="1.5" description="" />
  <Range type="float" default="30" description="" />
  <RigidBody type="bool" default="true" description="" />
  <Extra type="model" name="cmn_obj_jumppanel15S_HD.model" condition="AngleType == 0" />
  <Extra type="model" name="cmn_obj_jumppanel30S_HD.model" condition="AngleType == 1" />
  <Extra type="model" name="cmn_obj_jumppanel30S_HD.model" condition="AngleType == 2" />
</Template>
