<?xml version="1.0" ?>
<Template>
  <EndPosition type="float" default="3" description="" />
  <GroundOffset type="float" default="0" description="" />
  <IsCastShadow type="bool" default="true" description="" />
  <IsJumpCancel type="bool" default="true" description="" />
  <IsPoleAttackInvSide type="bool" default="false" description="" />
  <Length type="float" default="1" description="" />
  <MinInitVel type="float" default="0" description="" />
  <PathID type="float" default="1" description="" />
  <Range type="float" default="30" description="" />
  <StartPosition type="float" default="0" description="" />
  <Extra type="model" name="cmn_obj_pulley_HD.model" />
</Template>
