<?xml version="1.0" ?>
<Template>
  <GroundOffset type="float" default="0" description="" />
  <InputTmie type="float" default="2.5" description="" />
  <IsCastShadow type="bool" default="true" description="" />
  <OutOfControl type="float" default="0.13" description="" />
  <OutOfControl_Fail type="float" default="0.2" description="" />
  <Range type="float" default="40" description="" />
  <ShotForce type="float" default="20" description="" />
  <ShotForce_Fail type="float" default="20" description="" />
  <SuccessDir type="float" default="1" description="" />
  <Extra type="model" name="cmn_obj_scannon_HD.model" />
  <Extra type="skeleton" name="cmn_obj_scannon_HD.skl.hkx" />
</Template>
