<?xml version="1.0" ?>
<Template>
  <EventOFF type="float" default="0" description="" />
  <EventON type="float" default="6" description="" />
  <GroundOffset type="float" default="0" description="" />
  <IsCastShadow type="bool" default="false" description="" />
  <IsMoveCollision type="bool" default="false" description="" />
  <IsPrimitiveCollision type="bool" default="true" description="" />
  <OffTimer type="float" default="5" description="" />
  <Range type="float" default="30" description="" />
  <TargetListOFF type="undefined" description="" />
  <TargetListON type="id_list" description="" />
  <TimerOFF type="float" default="0" description="" />
  <TimerON type="float" default="0" description="" />
  <Type type="float" default="0" description="" />
  <Extra type="model" name="cmn_obj_switch_HD.model" />
</Template>
