<?xml version="1.0" ?>
<Template>
  <GroundOffset type="float" default="0" description="" />
  <ImpulseVelocity type="float" default="18" description="" />
  <IsCastShadow type="bool" default="false" description="" />
  <IsWaitUp type="bool" default="false" description="" />
  <Length type="float" default="8" description="" />
  <OutOfControl type="float" default="0" description="" />
  <Range type="float" default="30" description="" />
  <UpSpeedMax type="float" default="50" description="" />
  <Extra type="model" name="cmn_obj_upreel_stand_HD.model" />
  <Extra type="offset_rotation_y" name="180" />
</Template>
