<?xml version="1.0" ?>
<Template>
  <FirstSpeed type="float" default="25" description="" />
  <GroundOffset type="float" default="0" description="" />
  <IsBreak type="bool" default="false" description="" />
  <IsCastShadow type="bool" default="true" description="" />
  <IsHomingAttackEnable type="bool" default="false" description="" />
  <IsStartVelocityConstant type="bool" default="true" description="" />
  <KeepVelocityDistance type="float" default="5" description="" />
  <OutOfControl type="float" default="0.4" description="" />
  <Range type="float" default="100" description="" />
  <m_IsConstantPosition type="bool" default="true" description="" />
  <IsStartPositionConstant type="bool" default="true" description="" />
  <Extra type="model" name="cmn_obj_widespring_HD.model" />
</Template>
