<?xml version="1.0" ?>
<Template>
  <BottomStopTime type="float" default="0.3" description="" />
  <DownTime type="float" default="0.2" description="" />
  <GroundOffset type="float" default="0" description="" />
  <IsMessageOn type="bool" default="false" description="" />
  <IsMoveable type="bool" default="true" description="" />
  <Phase type="float" default="0" description="" />
  <TopStoptime type="float" default="1.7" description="" />
  <UpDownWidth type="float" default="2" description="" />
  <UpTime type="float" default="1" description="" />
  
  <Extra type="model" name="sea_obj_km_thornfallingNarrow_000.model" />
</Template>
