<?xml version="1.0" ?>
<Template>
  <ElectricType type="float" default="0" description="" />
  <GroundOffset type="float" default="0" description="" />
  <IsCastShadow type="bool" default="false" description="" />
  <LengthType type="float" default="1" description="" />
  <MoveDistance type="float" default="1" description="" />
  <MovePhaseRate type="float" default="0" description="" />
  <MoveSpeed type="float" default="180" description="" />
  <MoveType type="float" default="0" description="" />
  <Number type="float" default="1" description="" />
  <OffTime type="float" default="1" description="" />
  <OnTime type="float" default="0.7" description="" />
  <Range type="float" default="30" description="" />
  <TimePhaseRate type="float" default="0" description="" />
  <Extra type="model" name="cmn_obj_shockbar_HD.model" />
</Template>
