<?xml version="1.0" ?>
<Template>
  <FlameType type="float" default="1" description="" />
  <GroundOffset type="float" default="0" description="" />
  <IsCastShadow type="bool" default="false" description="" />
  <LengthType type="float" default="1" description="" />
  <OffTime type="float" default="0.1" description="" />
  <OnTime type="float" default="5.00002" description="" />
  <PhaseRate type="float" default="0" description="" />
  <Range type="float" default="30" description="" />
  <AppearTime type="float" default="0.2" description="" />
  <Length type="float" default="10" description="" />
  <Phase type="float" default="0" description="" />
  <Type type="float" default="1" description="" />
  <Extra type="model" name="cmn_obj_damagepanel_HD.model" />
</Template>
