<?xml version="1.0" ?>
<Template>
  <Direction type="float" default="1" description="" />
  <Distance type="float" default="5" description="" />
  <GroundOffset type="float" default="0" description="" />
  <IsCastShadow type="bool" default="true" description="" />
  <IsMessageOn type="bool" default="false" description="" />
  <Phase type="float" default="0" description="" />
  <Range type="float" default="30" description="" />
  <Time type="float" default="2.5" description="" />
  <Extra type="model" name="cmn_obj_thornball_HD.model" />
</Template>
