<?xml version="1.0" ?>
<Template>
  <GroundOffset type="float" default="0" description="" />
  <IsCastShadow type="bool" default="false" description="" />
  <PayOnceRing type="float" default="20" description="" />
  <Range type="float" default="100" description="" />
  <Reflection type="float" default="1.11" description="" />
  <RelayTime type="float" default="0.1" description="" />
  <RingSpeedY type="float" default="0.1" description="" />
  <Sub_RelationSetObject type="id" description="" />
</Template>
