<?xml version="1.0" ?>
<Template>
  <CollisionOffsetX type="float" default="0" description="" />
  <CollisionOffsetY type="float" default="0" description="" />
  <CollisionOffsetZ type="float" default="0" description="" />
  <Friction type="float" default="0" description="" />
  <GroundOffset type="float" default="0" description="" />
  <IsCastShadow type="bool" default="false" description="" />
  <Length type="float" default="2" description="" />
  <Range type="float" default="50" description="" />
  <RelatedJumper_RelationSetObject type="id" description="" />
  <Restitution type="float" default="1" description="" />
  <ToLeft type="bool" default="true" description="" />
  <TouchRad type="float" default="1" description="" />
</Template>
