<?xml version="1.0" ?>
<Template>
  <AttachOffsetX type="float" default="0" description="" />
  <AttachOffsetY type="float" default="0" description="" />
  <AttachOffsetZ type="float" default="0" description="" />
  <AttachTarget type="id" description="" />
  <Friction type="float" default="0" description="" />
  <GroundOffset type="float" default="0" description="" />
  <IsCastShadow type="bool" default="false" description="" />
  <Range type="float" default="100" description="" />
  <Restitution type="float" default="1.1" description="" />
</Template>
