<?xml version="1.0" ?>
<Template>
  <Dumping type="float" default="0.8" description="" />
  <Friction type="float" default="0.2" description="" />
  <GroundOffset type="float" default="0" description="" />
  <IsCastShadow type="bool" default="false" description="" />
  <Length type="float" default="0.9" description="" />
  <PullSpeed type="float" default="0.1" description="" />
  <Range type="float" default="50" description="" />
  <Restitution type="float" default="1" description="" />
  <Speed type="float" default="70" description="" />
</Template>
