<?xml version="1.0" ?>
<Template>
  <Friction type="float" default="0.1" description="" />
  <Gimmic type="bool" default="true" description="" />
  <GroundOffset type="float" default="0" description="" />
  <IsCastShadow type="bool" default="false" description="" />
  <IsDisplayModel type="bool" default="true" description="" />
  <Leader type="bool" default="false" description="" />
  <Range type="float" default="100" description="" />
  <Restitution type="float" default="1.98" description="" />
</Template>
