<?xml version="1.0" ?>
<Template>
  <GroundOffset type="float" default="0" description="" />
  <IsCastShadow type="bool" default="false" description="" />
  <MinSpeed type="float" default="4" description="" />
  <Range type="float" default="100" description="" />
  <SizeX type="float" default="1.7" description="" />
  <SizeY type="float" default="0.5" description="" />
  <SizeZ type="float" default="0.2" description="" />
  <SpeedDownRate type="float" default="0.970999" description="" />
</Template>
