<?xml version="1.0" ?>
<Template>
  <Interval type="float" default="1" description="" /> 
  <MoveType type="float" default="0" description="" /> 
  <NumBullet type="float" default="10" description="" /> 
  <NumShotOneTime type="float" default="1" description="" /> 
  <OnlyPlayerAttack type="bool" default="true" description="" />
  <PlayAppearEffect type="bool" default="true" description="" />
  <RadiusAction type="float" default="30" description="" /> 
  <RadiusSearch type="float" default="30" description="" /> 
  <ShotType type="float" default="2" description="" /> 
  <Type type="float" default="0" description="" /> 
  <ViewAngleTate type="float" default="30" description="" /> 
  <ViewAngleYoko type="float" default="30" description="" /> 
  <GroundOffset type="float" default="0" description="" /> 
  <IsCastShadow type="bool" default="true" description="" /> 
  <Range type="float" default="100" description="" />
  
  <Extra type="model" name="enm_aerocannon_HD.model" />
</Template>
