<?xml version="1.0" ?>
<Template>
  <AttackInterval type="float" default="1" description="" />
  <AttackTime type="float" default="2" description="" />
  <GroundOffset type="float" default="0" description="" />
  <MoveType type="float" default="1" description="" />
  <OnlyPlayerAttack type="bool" default="true" description="" />
  <PlayAppearEffect type="bool" default="false" description="" />
  <StartTime type="float" default="0.5" description="" />
  
  <Extra type="model" name="em_eday_gblz_hi.model" />
</Template>
