<?xml version="1.0" ?>
<Template>
  <IsUseFootIK type="bool" default="false" description="" />
  <MoveTypeSideView type="bool" default="false" description="" />
  <OnlyPlayerAttack type="bool" default="true" description="" />
  <PlayAppearEffect type="bool" default="false" description="" />
  <RadiusActive type="float" default="80" description="" />
  <RadiusAttack type="float" default="10" description="" />
  <StartWayPointID type="float" default="0" description="" />
  <Type type="float" default="0" description="" />
  <GroundOffset type="float" default="0" description="" />
  <IsCastShadow type="bool" default="true" description="" />
  <Range type="float" default="200" description="" />
  
  <Extra type="model" name="enm_eggfighter_HD.model" />
</Template>
