<?xml version="1.0" ?>
<Template>
  <GroundOffset type="float" default="0" description="" />
  <IntervalAttack type="float" default="1" description="" />
  <IntervalShot type="float" default="0.5" description="" />
  <NumAttackOneTime type="float" default="2" description="" />
  <NumShotOneTime type="float" default="3" description="" />
  <RadiusAppear type="float" default="40" description="" />
  <RadiusEscape type="float" default="10" description="" />
  <ShotType type="float" default="0" description="" />
  <Type type="float" default="0" description="" />
  <OnlyPlayerAttack type="bool" default="false" description="" />
  <PlayAppearEffect type="bool" default="false" description="" />
  
  <Extra type="model" name="em_eday_canm_hi.model" />
</Template>
