<?xml version="1.0" ?>
<Template>
  <AirShipID type="id" description="" />
  <GroundOffset type="float" default="0" description="" />
  <IsCastShadow type="bool" default="true" description="" />
  <Range type="float" default="1600" description="" />
  <m_AttackSpanTime type="float" default="0.5" description="" />
  <m_ChaserParam.m_UpVectorByPath type="bool" default="true" description="" />
  <m_ChaserParam.m_WavingVelocity type="float" default="180" description="" />
  <m_FlyHeight type="float" default="4" description="" />
  <m_NumChasers type="float" default="3" description="" />
  <m_NumSubChasers type="float" default="0" description="" />
</Template>
