<?xml version="1.0" ?>
<Template>
  <ActionRange type="float" default="50" description="" />
  <AttackRange type="float" default="30" description="" />
  <GroundOffset type="float" default="0" description="" />
  <IsAimTarget type="bool" default="false" description="" />
  <IsArrivalEffect type="bool" default="true" description="" />
  <IsCastShadow type="bool" default="true" description="" />
  <IsDamageFromOnlyPlayer type="bool" default="false" description="" />
  <IsPlayFindMotion type="bool" default="true" description="" />
  <Range type="float" default="100" description="" />
  <Target type="vector" description="" />
  <m_ChargeTime type="float" default="1" description="" />
  <m_GapTime type="float" default="2" description="" />
  <m_Is2DMode type="bool" default="false" description="" />
  <m_IsAttack type="bool" default="true" description="" />
  <m_IsFixRotate type="bool" default="false" description="" />
  <m_IsRebirth type="bool" default="false" description="" />
  <m_IsShotSpanRotate type="bool" default="false" description="" />
  <m_LostTime type="float" default="10" description="" />
  <m_NumShots type="float" default="3" description="" />
  <m_RebirthTime type="float" default="5" description="" />
  <m_ShotSpanTime type="float" default="1.4" description="" />
  <m_ShotSpeed type="float" default="1" description="" />
  <m_TurnAccel type="float" default="4" description="" />
</Template>
