<?xml version="1.0" ?>
<Template>
  <ActionRange type="float" default="100" description="" />
  <AttackRange type="float" default="10" description="" />
  <ChargeTime type="float" default="1" description="" />
  <CliffHeight type="float" default="0.3" description="" />
  <DashSpeed type="float" default="6" description="" />
  <DashSpeedType type="float" default="3" description="" />
  <GroundOffset type="float" default="0" description="" />
  <IsAimTarget type="bool" default="false" description="" />
  <IsArrivalEffect type="bool" default="false" description="" />
  <IsCastShadow type="bool" default="true" description="" />
  <IsDamageFromOnlyPlayer type="bool" default="false" description="" />
  <IsEnableAttack type="bool" default="true" description="" />
  <IsPathMove type="bool" default="false" description="" />
  <IsPlayFindMotion type="bool" default="true" description="" />
  <LookAroundTime type="float" default="1.6" description="" />
  <MoveSpeed type="float" default="2" description="" />
  <MoveSpeedType type="float" default="3" description="" />
  <Range type="float" default="30" description="" />
  <ReboundSpeed type="float" default="12" description="" />
  <SearchType type="float" default="0" description="" />
  <Target type="vector" description="" />
  <TargetLostTime type="float" default="1.5" description="" />
  <TerrainCheckHeight type="float" default="1" description="" />
  <Extra type="model" name="enm_motora_HD.model" />
  <Extra type="skeleton" name="enm_motora_HD.skl.hkx" />
  <Extra type="animation" name="mtr_idle_loop.anm.hkx" />
</Template>
