<?xml version="1.0" ?>
<Template>
  <AppearPattern type="float" default="0" description="" />
  <AppearPoint type="vector" description="" />
  <AppearTime type="float" default="3" description="" />
  <GroundOffset type="float" default="0" description="" />
  <IsCastShadow type="bool" default="true" description="" />
  <IsLookPlayer type="bool" default="true" description="" />
  <MovePattern type="float" default="0" description="" />
  <MoveVel type="float" default="0.5" description="" />
  <Range type="float" default="40" description="" />
  <RebirthPattern type="float" default="1" description="" />
  <RebirthPoint type="vector" description="" />
  <RebirthTime type="float" default="3" description="" />
  <WayPointA type="vector" description="" />
  <WayPointB type="vector" description="" />
</Template>
