<?xml version="1.0" ?>
<Template>
  <ActionRange type="float" default="100" description="" />
  <AttackRad type="float" default="10" description="" />
  <AttackRange type="float" default="0" description="" />
  <GroundOffset type="float" default="0" description="" />
  <IsAimTarget type="bool" default="false" description="" />
  <IsArrivalEffect type="bool" default="false" description="" />
  <IsCastShadow type="bool" default="true" description="" />
  <IsDamageFromOnlyPlayer type="bool" default="true" description="" />
  <IsMove type="bool" default="false" description="" />
  <IsPlayFindMotion type="bool" default="true" description="" />
  <MoveSpeed type="float" default="2" description="" />
  <MoveType type="float" default="0" description="" />
  <Range type="float" default="100" description="" />
  <ShotAngle type="float" default="45" description="" />
  <ShotInterval type="float" default="2" description="" />
  <ShotNum type="float" default="1" description="" />
  <ShotRange type="float" default="5" description="" />
  <ShotReadyTime type="float" default="1" description="" />
  <ShotRotOffset type="float" default="30" description="" />
  <ShotSpeed type="float" default="2" description="" />
  <Target type="vector" description="" />
  <WayPointA type="vector" description="" />
  <WayPointB type="vector" description="" />
</Template>
