<?xml version="1.0" ?>
<Template>
  <ActionRange type="float" default="100" description="" />
  <ActionType type="float" default="0" description="" />
  <AppearType type="float" default="0" description="" />
  <AttackInterval type="float" default="3" description="" />
  <AttackRange type="float" default="20" description="" />
  <AttackSpeed type="float" default="20" description="" />
  <GroundOffset type="float" default="0" description="" />
  <HideOmenTime type="float" default="1.5" description="" />
  <IsAimTarget type="bool" default="false" description="" />
  <IsArrivalEffect type="bool" default="false" description="" />
  <IsCastShadow type="bool" default="true" description="" />
  <IsDamageFromOnlyPlayer type="bool" default="true" description="" />
  <IsJumpFront type="bool" default="false" description="" />
  <IsMessageAction type="bool" default="false" description="" />
  <IsMessageOn type="bool" default="false" description="" />
  <IsPlayFindMotion type="bool" default="true" description="" />
  <IsRollAttack type="bool" default="false" description="" />
  <IsUpSideDown type="bool" default="false" description="" />
  <JumpDis type="float" default="7" description="" />
  <Range type="float" default="200" description="" />
  <ReadyTime type="float" default="0.8" description="" />
  <Target type="vector" description="" />
  <TurnToPlayerAccel type="float" default="4" description="" />
</Template>
