<?xml version="1.0" ?>
<Template>
  <FindConeLen type="float" default="15" description="" />
  <FindNoLostTime type="float" default="2" description="" />
  <FindSphereRad type="float" default="20" description="" />
  <GroundOffset type="float" default="0" description="" />
  <IsCastShadow type="bool" default="true" description="" />
  <Range type="float" default="100" description="" />
  <ReadyTime type="float" default="0.5" description="" />
  <VelMax type="float" default="20" description="" />
</Template>
