<?xml version="1.0" ?>
<Template>
  <ActionRange type="float" default="11" description="" />
  <AttackRange type="float" default="1" description="" />
  <GroundOffset type="float" default="0" description="" />
  <IsAimTarget type="bool" default="false" description="" />
  <IsArrivalEffect type="bool" default="false" description="" />
  <IsCastShadow type="bool" default="true" description="" />
  <IsDamageFromOnlyPlayer type="bool" default="true" description="" />
  <IsMessageOn type="bool" default="false" description="" />
  <IsPlayFindMotion type="bool" default="true" description="" />
  <MoveSpeed type="float" default="5" description="" />
  <MoveType type="float" default="0" description="" />
  <Range type="float" default="50" description="" />
  <ReadyTime type="float" default="1" description="" />
  <SearchType type="float" default="1" description="" />
  <Target type="vector" description="" />
  <WayPointA type="vector" description="" />
  <WayPointB type="vector" description="" />
</Template>
