<?xml version="1.0" ?>
<Template>
  <ActionRange type="float" default="100" description="" />
  <AttackRange type="float" default="20" description="" />
  <ChargeTime type="float" default="1" description="" />
  <DistanceMissile type="float" default="10" description="" />
  <DistanceStepMove type="float" default="3" description="" />
  <GroundOffset type="float" default="0" description="" />
  <IsAimTarget type="bool" default="false" description="" />
  <IsArrivalEffect type="bool" default="false" description="" />
  <IsCastShadow type="bool" default="true" description="" />
  <IsChargeInPose type="bool" default="false" description="" />
  <IsContinueAttack type="bool" default="false" description="" />
  <IsDamageFromOnlyPlayer type="bool" default="true" description="" />
  <IsEnableAttack type="bool" default="true" description="" />
  <IsPlayFindMotion type="bool" default="true" description="" />
  <IsSimpleAttack type="bool" default="false" description="" />
  <IsTurnOver type="bool" default="false" description="" />
  <MoveSpeed type="float" default="0.5" description="" />
  <Range type="float" default="100" description="" />
  <SearchType type="float" default="0" description="" />
  <SeekSpanTime type="float" default="5" description="" />
  <SpeedMissile type="float" default="10" description="" />
  <Target type="vector" description="" />
  <TargetLostTime type="float" default="1" description="" />
  <TargetLostWaitTime type="float" default="0" description="" />
  <TurnTime type="float" default="0.5" description="" />
  <WayPointA type="vector" description="" />
  <WayPointB type="vector" description="" />
  <Extra type="model" name="enm_ganigani_HD.model" />
</Template>
