<?xml version="1.0" ?>
<Template>
  <ActionRange type="float" default="20" description="" />
  <AttackNum type="float" default="1" description="" />
  <AttackRange type="float" default="20" description="" />
  <AttackType type="float" default="0" description="" />
  <BulletLifeTime type="float" default="2" description="" />
  <BulletNum type="float" default="1" description="" />
  <BulletSpeed type="float" default="10" description="" />
  <ChargeTime type="float" default="1.2" description="" />
  <CoolDwonTime type="float" default="1" description="" />
  <GroundOffset type="float" default="0" description="" />
  <HideTime type="float" default="3" description="" />
  <IsAimTarget type="bool" default="false" description="" />
  <IsArrivalEffect type="bool" default="true" description="" />
  <IsCastShadow type="bool" default="true" description="" />
  <IsDamageFromOnlyPlayer type="bool" default="false" description="" />
  <IsHideAfterShot type="bool" default="true" description="" />
  <IsPlayFindMotion type="bool" default="true" description="" />
  <Range type="float" default="100" description="" />
  <Scale type="float" default="0" description="" />
  <ShotInterval type="float" default="0.3" description="" />
  <Target type="vector" description="" />
  <Type type="float" default="0" description="" />
  <offsetRot type="float" default="0" description="" />
</Template>
