<?xml version="1.0" ?>
<Template>
  <ActionRange type="float" default="100" description="" />
  <AppearType type="float" default="2" description="" />
  <AttackRange type="float" default="5" description="" />
  <DebugPointClear type="bool" default="false" description="" />
  <EnableTurnSearch type="bool" default="true" description="" />
  <EventAppear type="bool" default="true" description="" />
  <FallSpeed type="float" default="20" description="" />
  <GroundOffset type="float" default="0" description="" />
  <IsAimTarget type="bool" default="false" description="" />
  <IsArrivalEffect type="bool" default="false" description="" />
  <IsCastShadow type="bool" default="true" description="" />
  <IsDamageFromOnlyPlayer type="bool" default="true" description="" />
  <IsPlayFindMotion type="bool" default="true" description="" />
  <PathIsAccel type="float" default="0" description="" />
  <PathIsBezier type="float" default="1" description="" />
  <PathPointMoveRelative type="bool" default="true" description="" />
  <Path_IsLoop type="bool" default="false" description="" />
  <PositionList type="vector_list" description="" />
  <Range type="float" default="200" description="" />
  <ShotInterval type="float" default="2" description="" />
  <ShotReadyTime type="float" default="1" description="" />
  <ShotSpeed type="float" default="0" description="" />
  <Target type="vector" description="" />
  <Vel1D type="float" default="20" description="" />
</Template>
