<?xml version="1.0" ?>
<Template>
  <FindConeLen type="float" default="10" description="" />
  <FindNoLostTime type="float" default="7" description="" />
  <FindSphereRad type="float" default="5" description="" />
  <GroundOffset type="float" default="0" description="" />
  <IsCastShadow type="bool" default="true" description="" />
  <Range type="float" default="30" description="" />
  <ReadyTime type="float" default="1" description="" />
  <VelMax type="float" default="50" description="" />
</Template>
