<?xml version="1.0" ?>
<Template>
  <ActionRange type="float" default="100" description="" />
  <AttackRange type="float" default="2" description="" />
  <BarrelID type="id" description="" />
  <ChaserManagerID type="id" description="" />
  <GroundOffset type="float" default="0" description="" />
  <IsAimTarget type="bool" default="false" description="" />
  <IsArrivalEffect type="bool" default="true" description="" />
  <IsCastShadow type="bool" default="true" description="" />
  <IsDamageFromOnlyPlayer type="bool" default="true" description="" />
  <IsPlayFindMotion type="bool" default="true" description="" />
  <Range type="float" default="200" description="" />
  <SearchType type="float" default="1" description="" />
  <Target type="vector" description="" />
  <WayPointA type="vector" description="" />
  <WayPointB type="vector" description="" />
  <m_AttackMoveSpeedRatio type="float" default="1" description="" />
  <m_ChargeTime type="float" default="0.5" description="" />
  <m_ChaserModeVelocity type="float" default="5" description="" />
  <m_FindMotionType type="float" default="1" description="" />
  <m_IsAllRangeSearch type="bool" default="false" description="" />
  <m_IsAttack type="bool" default="true" description="" />
  <m_IsChaseAfter type="bool" default="false" description="" />
  <m_IsChaserMode type="bool" default="true" description="" />
  <m_IsForceSmartTurn type="bool" default="false" description="" />
  <m_IsPushBarrelMode type="bool" default="false" description="" />
  <m_IsPushBarrelOnce type="bool" default="false" description="" />
  <m_IsPushDirRight type="bool" default="true" description="" />
  <m_IsRestrictMove type="bool" default="false" description="" />
  <m_LostTime type="float" default="10" description="" />
  <m_MoveSpeedRatio type="float" default="1" description="" />
  <m_PushBarrelSpanTime type="float" default="2" description="" />
  <m_SeekSpanTime type="float" default="3" description="" />
  <m_TurnAccel type="float" default="4" description="" />
  <m_WaitTime type="float" default="0.3" description="" />
  <Extra type="model" name="enm_eggfighter_HD.model" />
  <Extra type="skeleton" name="enm_eggfighter_HD.skl.hkx" />
  <Extra type="animation" name="efn_idle_loop.anm.hkx" />
</Template>
