<?xml version="1.0" ?>
<Template>
  <ActionRange type="float" default="100" description="" />
  <AppearType type="float" default="2" description="" />
  <AttackRange type="float" default="20" description="" />
  <BeamCoolDownTime type="float" default="1" description="" />
  <BeamCount type="float" default="1" description="" />
  <BeamSeparateTime type="float" default="0.8" description="" />
  <BeamSpeed type="float" default="5" description="" />
  <BeamType type="float" default="0" description="" />
  <BeamVolleyAngle type="float" default="30" description="" />
  <BeamWaitTime type="float" default="0.8" description="" />
  <DebugPointClear type="bool" default="false" description="" />
  <DepthMoveDistance type="float" default="30" description="" />
  <DepthMoveSpeed type="float" default="30" description="" />
  <GroundOffset type="float" default="0" description="" />
  <IsAimTarget type="bool" default="false" description="" />
  <IsAppearOnly type="bool" default="false" description="" />
  <IsArrivalEffect type="bool" default="false" description="" />
  <IsCastShadow type="bool" default="true" description="" />
  <IsDamageFromOnlyPlayer type="bool" default="true" description="" />
  <IsMessageOn type="bool" default="false" description="" />
  <IsPlayFindMotion type="bool" default="true" description="" />
  <IsSwicthable type="bool" default="false" description="" />
  <IsTurnToPlayer type="bool" default="false" description="" />
  <LandingAngle type="float" default="15" description="" />
  <LandingSpeed type="float" default="10" description="" />
  <MissileCoolDownTime type="float" default="1" description="" />
  <MissileHomingStartTime type="float" default="1" description="" />
  <MissileHomingTime type="float" default="30" description="" />
  <MissileHomingVelocity type="float" default="120" description="" />
  <MissileLifeTime type="float" default="30" description="" />
  <MissileVelocity type="float" default="120" description="" />
  <MoveSpeed type="float" default="5" description="" />
  <MoveType type="float" default="0" description="" />
  <PathIsAccel type="float" default="0" description="" />
  <PathIsBezier type="float" default="1" description="" />
  <PathPointMoveRelative type="bool" default="true" description="" />
  <Path_IsLoop type="bool" default="false" description="" />
  <PositionList type="vector_list" description="" />
  <Range type="float" default="30" description="" />
  <RevivePosition type="vector" description="" />
  <ReviveTime type="float" default="5" description="" />
  <ReviveType type="float" default="0" description="" />
  <Target type="vector" description="" />
  <TurnToPlayerAccel type="float" default="4" description="" />
  <UpDownAngle type="float" default="0" description="" />
  <UpDownLength type="float" default="3" description="" />
  <UpDownSpeed type="float" default="10" description="" />
  <UpDownType type="float" default="0" description="" />
  <Vel1D type="float" default="10" description="" />
  <WayPointA type="vector" description="" />
  <WayPointB type="vector" description="" />
  <WeaponType type="float" default="0" description="" />
</Template>
