<?xml version="1.0" ?>
<Template>
  <ActionRange type="float" default="100" description="" />
  <ActionType type="float" default="0" description="" />
  <AfterMoveLength type="float" default="1" description="" />
  <AttackRange type="float" default="20" description="" />
  <ChargeTime type="float" default="0" description="" />
  <DashSpeed type="float" default="5" description="" />
  <GroundOffset type="float" default="0" description="" />
  <HoveringType type="float" default="0" description="" />
  <IsAimTarget type="bool" default="false" description="" />
  <IsArrivalEffect type="bool" default="false" description="" />
  <IsCastShadow type="bool" default="true" description="" />
  <IsDamageFromOnlyPlayer type="bool" default="false" description="" />
  <IsMessageOn type="bool" default="false" description="" />
  <IsOneShotOnOneWay type="bool" default="false" description="" />
  <IsPlayFindMotion type="bool" default="true" description="" />
  <IsRevive type="bool" default="false" description="" />
  <IsShotEnable type="bool" default="true" description="" />
  <MoveSpeed type="float" default="0" description="" />
  <MoveWidth type="float" default="0" description="" />
  <Range type="float" default="100" description="" />
  <ReviveTime type="float" default="3" description="" />
  <ShotSpeed type="float" default="2" description="" />
  <Target type="vector" description="" />
  <TargetPosition type="vector" description="" />
  <TurnTime type="float" default="1" description="" />
  <WaitAfterShot type="float" default="0" description="" />
  <WayPointA type="vector" description="" />
  <WayPointB type="vector" description="" />
  <Extra type="model" name="enm_beeton_HD.model" />
  <Extra type="skeleton" name="enm_beeton_HD.skl.hkx" />
  <Extra type="animation" name="bee_atk_ready_loop.anm.hkx" />
</Template>
