<?xml version="1.0" ?>
<Template>
  <ActionRange type="float" default="100" description="" />
  <ActionType type="float" default="0" description="" />
  <AttackRad type="float" default="1" description="" />
  <AttackRange type="float" default="0" description="" />
  <DwVelocity type="float" default="6" description="" />
  <GroundOffset type="float" default="0" description="" />
  <IsAimTarget type="bool" default="false" description="" />
  <IsArrivalEffect type="bool" default="false" description="" />
  <IsCastShadow type="bool" default="true" description="" />
  <IsDamageFromOnlyPlayer type="bool" default="true" description="" />
  <IsPlayFindMotion type="bool" default="true" description="" />
  <IsRebirth type="bool" default="false" description="" />
  <IsUseWayPoint type="bool" default="false" description="" />
  <MoveSpeed type="float" default="2" description="" />
  <Range type="float" default="30" description="" />
  <RotVelocity type="float" default="40" description="" />
  <SearchRad type="float" default="10" description="" />
  <ShotInterval type="float" default="2" description="" />
  <ShotReadyTime type="float" default="0.3" description="" />
  <ShotSpeed type="float" default="0" description="" />
  <Target type="vector" description="" />
  <ToBombTime type="float" default="1" description="" />
  <ToRebirthTime type="float" default="3" description="" />
  <UpVelocity type="float" default="3" description="" />
  <WayPointA type="vector" description="" />
  <WayPointB type="vector" description="" />
  <WireLen type="float" default="4.7" description="" />
  <WireLenMax type="float" default="50" description="" />
</Template>
