<?xml version="1.0" ?>
<Template>
  <ActionRange type="float" default="100" description="" />
  <AttackRange type="float" default="0" description="" />
  <GroundOffset type="float" default="0" description="" />
  <IsAimTarget type="bool" default="false" description="" />
  <IsArrivalEffect type="bool" default="false" description="" />
  <IsCastShadow type="bool" default="true" description="" />
  <IsDamageFromOnlyPlayer type="bool" default="false" description="" />
  <IsPlayFindMotion type="bool" default="true" description="" />
  <IsReverse type="bool" default="false" description="" />
  <IsUseZOffset type="bool" default="true" description="" />
  <LaunchSpeed type="float" default="15" description="" />
  <Range type="float" default="30" description="" />
  <SideMoveSpeed type="float" default="5" description="" />
  <Target type="vector" description="" />
  <WaitTime type="float" default="0" description="" />
  <ZBackOffset type="float" default="10" description="" />
</Template>
