<?xml version="1.0" ?>
<Template>
  <ActionRange type="float" default="100" description="" />
  <AttackEndDir type="vector" description="" />
  <AttackRange type="float" default="0" description="" />
  <AttackStartDir type="vector" description="" />
  <AttackTime type="float" default="4" description="" />
  <AttackType type="float" default="0" description="" />
  <ChargeTime type="float" default="1" description="" />
  <DebugPointClearAppearPath type="bool" default="false" description="" />
  <DebugPointClearEscapePath type="bool" default="false" description="" />
  <DefaultVisiblity type="bool" default="false" description="" />
  <GroundOffset type="float" default="0" description="" />
  <IsAimTarget type="bool" default="false" description="" />
  <IsArrivalEffect type="bool" default="false" description="" />
  <IsCastShadow type="bool" default="true" description="" />
  <IsDamageFromOnlyPlayer type="bool" default="true" description="" />
  <IsPlayFindMotion type="bool" default="true" description="" />
  <IsShowType type="bool" default="true" description="" />
  <IsStruggleMode type="bool" default="false" description="" />
  <NapalmTarget type="vector" description="" />
  <PathIsAccelAppearPath type="float" default="1" description="" />
  <PathIsAccelEscapePath type="float" default="0" description="" />
  <PathIsBezierAppearPath type="float" default="1" description="" />
  <PathIsBezierEscapePath type="float" default="1" description="" />
  <PathPointMoveRelativeAppearPath type="bool" default="true" description="" />
  <PathPointMoveRelativeEscapePath type="bool" default="true" description="" />
  <Path_IsLoopAppearPath type="bool" default="false" description="" />
  <Path_IsLoopEscapePath type="bool" default="false" description="" />
  <PositionListAppearPath type="vector_list" description="" />
  <PositionListEscapePath type="vector_list" description="" />
  <Range type="float" default="100" description="" />
  <Target type="vector" description="" />
  <Vel1DAppearPath type="float" default="35" description="" />
  <Vel1DEscapePath type="float" default="10" description="" />
</Template>
