<?xml version="1.0" ?>
<Template>
  <ActionRange type="float" default="50" description="" />
  <AttackRange type="float" default="30" description="" />
  <EquipType type="float" default="2" description="" />
  <GroundOffset type="float" default="0" description="" />
  <IsAimTarget type="bool" default="false" description="" />
  <IsArrivalEffect type="bool" default="true" description="" />
  <IsCastShadow type="bool" default="true" description="" />
  <IsDamageFromOnlyPlayer type="bool" default="false" description="" />
  <IsPlayFindMotion type="bool" default="true" description="" />
  <Range type="float" default="30" description="" />
  <Target type="vector" description="" />
  <m_ChargeTime type="float" default="1" description="" />
  <m_IsFixRotate type="bool" default="true" description="" />
  <m_NearAttackRange type="float" default="2" description="" />
</Template>
