<?xml version="1.0" ?>
<Template>
  <AppearPattern type="float" default="0" description="" />
  <AppearPoint type="vector" description="" />
  <AppearTime type="float" default="3" description="" />
  <ElecTime_Exec type="float" default="2" description="" />
  <ElecTime_Interval type="float" default="2" description="" />
  <ElecTime_Pre type="float" default="0.8" description="" />
  <GroundOffset type="float" default="0" description="" />
  <IsCastShadow type="bool" default="true" description="" />
  <IsLookPlayer type="bool" default="true" description="" />
  <IsWaitElec type="bool" default="false" description="" />
  <MovePattern type="float" default="0" description="" />
  <MoveVel type="float" default="0.5" description="" />
  <Range type="float" default="30" description="" />
  <RebirthPattern type="float" default="0" description="" />
  <RebirthPoint type="vector" description="" />
  <RebirthTime type="float" default="5" description="" />
  <WayPointA type="vector" description="" />
  <WayPointB type="vector" description="" />
</Template>
