<?xml version="1.0" ?>
<Template>
  <CreateD type="float" default="15" description="" />
  <CreateH type="float" default="15" description="" />
  <CreateNum_FollowAndAttack type="float" default="10" description="" />
  <CreateNum_FollowOnly type="float" default="10" description="" />
  <CreateW type="float" default="15" description="" />
  <GroundOffset type="float" default="0" description="" />
  <IsCastShadow type="bool" default="true" description="" />
  <PathID type="float" default="9" description="" />
  <Range type="float" default="100" description="" />
</Template>
