<?xml version="1.0" ?>
<Template>
  <AttackInterval type="float" default="1.5" description="" />
  <AttackTime type="float" default="2" description="" />
  <OnlyPlayerAttack type="bool" default="false" description="" />
  <PlayAppearEffect type="bool" default="false" description="" />
  <StartTime type="float" default="2" description="" />
  <GroundOffset type="float" default="0" description="" />
  <IsCastShadow type="bool" default="true" description="" /> 
  <Range type="float" default="70" description="" />
  
  <Extra type="model" name="enm_spana_HD.model" />
</Template>
