<?xml version="1.0" ?>
<Template>
  <AlivePoint type="vector" description="" />
  <ForSideView type="bool" default="false" description="" />
  <OnlyPlayerAttack type="bool" default="false" description="" />
  <PlayAppearEffect type="bool" default="false" description="" />
  <Type type="float" default="0" description="" />
  <GroundOffset type="float" default="0" description="" />
  <IsCastShadow type="bool" default="true" description="" />
  <Range type="float" default="150" description="" />
  <Extra type="model" name="enm_spina_HD.model" />
  <Extra type="skeleton" name="enm_spina_HD.skl.hkx" />
  <Extra type="animation" name="spn_idle_loop.anm.hkx" />
</Template>
