<?xml version="1.0" ?>
<Template>
  <Collision_Height type="float" default="40" description="" />
  <Collision_Width type="float" default="22" description="" />
  <Event0 type="float" default="4" description="" />
  <GroundOffset type="float" default="0" description="" />
  <IsCastShadow type="bool" default="false" description="" />
  <Range type="float" default="30000" description="" />
  <TargetList0 type="id" description="" />
  <Timer0 type="float" default="0" description="" />
  <m_EnableReset type="bool" default="true" description="" />
  <m_InvalidTime type="float" default="30" description="" />
  <m_MaxDelayTime type="float" default="0" description="" />
  <m_MinDelayTime type="float" default="0" description="" />
</Template>
