<?xml version="1.0" ?>
<Template>
  <Collision_Height type="float" default="25" description="" />
  <Collision_Width type="float" default="10" description="" />
  <GroundOffset type="float" default="0" description="" />
  <IsCastShadow type="bool" default="false" description="" />
  <Range type="float" default="100" description="" />
  <m_FixAdvantageRatioFalseMax type="float" default="0.1" description="" />
  <m_FixAdvantageRatioFalseMin type="float" default="0" description="" />
  <m_FixAdvantageRatioMax type="float" default="1" description="" />
  <m_FixAdvantageRatioMin type="float" default="0.9" description="" />
  <m_FixTime type="float" default="10" description="" />
  <m_FixTimeFalse type="float" default="10" description="" />
  <m_IsEnableTriggerAR type="bool" default="true" description="" />
  <m_IsEnableTriggerBG type="bool" default="false" description="" />
  <m_IsFalseType type="bool" default="true" description="" />
  <m_TriggerMaxAR type="float" default="1" description="" />
  <m_TriggerMaxBG type="float" default="100" description="" />
  <m_TriggerMinAR type="float" default="0.5" description="" />
  <m_TriggerMinBG type="float" default="0" description="" />
</Template>
