<?xml version="1.0" ?>
<Template>
  <Collision_Depth type="float" default="10" description="" />
  <Collision_Height type="float" default="18" description="" />
  <Collision_Width type="float" default="13" description="" />
  <EchoBGM_Dst type="float" default="0" description="" />
  <EchoBGM_Src type="float" default="0" description="" />
  <EchoSE_Dst type="float" default="0.55" description="" />
  <EchoSE_Src type="float" default="0" description="" />
  <GroundOffset type="float" default="0" description="" />
  <IsCastShadow type="bool" default="true" description="" />
  <Range type="float" default="100" description="" />
</Template>
