<?xml version="1.0" ?>
<Template>
  <BaseVolume type="float" default="1" description="" />
  <CueName type="string" default="ambsn_sea_seaamb" description="" />
  <FileName type="string" default="se_ambience_sea_sonic" description="" />
  <GroundOffset type="float" default="0" description="" />
  <IntervalTime type="float" default="5" description="" />
  <IsRegularly type="bool" default="false" description="" />
  <PositionList type="vector_list" description="" />
  <Radius type="float" default="16" description="" />
  
  <Extra type="model" name="sound.mesh" />
</Template>
