<?xml version="1.0" ?>
<Template>
  <FloorStType type="float" default="2" description="" />
  <GroundOffset type="float" default="0" description="" />
  <IsCastShadow type="bool" default="false" description="" />
  <IsNormalBreak type="bool" default="true" description="" />
  <NumWood type="float" default="3" description="" />
  <Range type="float" default="100" description="" />
  <ResetTime type="float" default="20" description="" />
  <SignTime type="float" default="0.1" description="" />
  <Size type="float" default="0" description="" />
  <ToSignTime type="float" default="0" description="" />
</Template>
