<?xml version="1.0" ?>
<Template>
  <Amplitude type="float" default="4" description="" />
  <FloorStType type="float" default="2" description="" />
  <GroundOffset type="float" default="0" description="" />
  <IsCastShadow type="bool" default="true" description="" />
  <IsEventStart type="bool" default="true" description="" />
  <IsMove type="bool" default="true" description="" />
  <IsShowPropeller type="bool" default="true" description="" />
  <IsWallJump type="bool" default="false" description="" />
  <KeepTime type="float" default="0" description="" />
  <LightFieldOffset type="vector" description="" />
  <MoveSpeed type="float" default="10" description="" />
  <PhasTimee type="float" default="2" description="" />
  <Range type="float" default="60" description="" />
  <SizeIndex type="float" default="2" description="" />
</Template>
