<?xml version="1.0" ?>
<Template>
  <FallSpeed type="float" default="20" description="" />
  <Flexure type="float" default="0" description="" />
  <FloorStType type="float" default="0" description="" />
  <GroundOffset type="float" default="0" description="" />
  <IsCastShadow type="bool" default="true" description="" />
  <IsNormalBreak type="bool" default="true" description="" />
  <NumWood type="float" default="30" description="" />
  <Range type="float" default="100" description="" />
  <ResetTime type="float" default="0" description="" />
  <SignTime type="float" default="1" description="" />
  <ToSignTime type="float" default="0" description="" />
  <WoodType type="float" default="1" description="" />
</Template>
