<?xml version="1.0" ?>
<Template>
  <Collision_Height type="float" default="52" description="" />
  <Collision_Length type="float" default="10" description="" />
  <Collision_Width type="float" default="44" description="" />
  <DefaultStatus type="float" default="0" description="" />
  <Distance type="float" default="33" description="" />
  <EaseTime type="float" default="0" description="" />
  <GroundOffset type="float" default="0" description="" />
  <IsCastShadow type="bool" default="true" description="" />
  <Motion type="float" default="0" description="" />
  <PlayerMotion type="float" default="0" description="" />
  <Range type="float" default="1000" description="" />
  <SE type="float" default="0" description="" />
  <Shape_Type type="float" default="0" description="" />
  <ValType type="float" default="1" description="" />
  <Vel type="float" default="100" description="" />
  <VsType type="float" default="0" description="" />
</Template>
