<?xml version="1.0" ?>
<Template>
  <Active type="bool" default="false" description="Set to True to set as the current start point on next save, changes will be applied to Stage.stg.xml" />
  <Mode type="string" default="Stand" description="Affects the animation and camera." />
  <CameraView type="string" default="Forward" description="Forward for 3D Mode. Side for 2D Mode." />
  <Speed type="float" default="0" description="" />
  <Time type="float" default="0" description="" />
  <Extra type="model" name="chr_Sonic_HD.model" />
  <Extra type="skeleton" name="chr_Sonic_HD.skl.hkx" />
  <Extra type="animation" name="sn_idle00.anm.hkx" />
  <Extra type="animation" name="sn_start_normal.anm.hkx" condition_1="Mode == CrouchingStartFront" condition_2="Active == true" />
</Template>
