<?xml version="1.0" ?>
<Template>
  <FirstSpeed type="float" default="25" description="Initial speed of the launch." />
  <GroundOffset type="float" default="0" description="" />
  <IsChangeCameraWhenChangePath type="bool" default="false" description="Resets the camera upon changing paths." />
  <IsChangePath type="bool" default="false" description="Used when leaving the current spline." />
  <IsHeadToVelocity type="bool" default="false" description="" />
  <IsTo3D type="bool" default="false" description="Changes the mode to 3D when interacting with the object." />
  <KeepVelocityDistance type="float" default="5" description="Distance before restoring gravity to Sonic. If set too high, gravity will be disabled until hitting another spring or object." />
  <OutOfControl type="float" default="0.5" description="Time taken before restoring control to the player." />
  
  <Extra type="description" name="Gotta go fast: Air Edition." />
  <Extra type="model" name="cmn_obj_dashring_HD.model" />
</Template>
