<?xml version="1.0" ?>
<Template>
  <DebugShotTimeLength type="float" default="2" description="A debug visualization tool." />
  <FirstSpeed type="float" default="30" description="Initial speed of the launch." />
  <GroundOffset type="float" default="0" description="" />
  <IsChangeCameraWhenPathChange type="bool" default="true" description="Resets the camera upon changing paths." />
  <IsPathChange type="bool" default="false" description="Used when leaving the current spline." />
  <IsStartVelocityConstant type="bool" default="true" description="Causes the player to follow the spring's trajectory. If false, the spring will function like the Classic games, adding speed based on how the player hit it." />
  <IsWallWalk type="bool" default="false" description="Causes the player to wall-run if the spring launches to a wall." />
  <IsYawUpdate type="bool" default="false" description="When true, causes the player to rotate in the air during their launch." />
  <KeepVelocityDistance type="float" default="5" description="Distance before restoring gravity to Sonic. If set too high, gravity will be disabled until hitting another spring or object." />
  <OutOfControl type="float" default="0.4" description="Time taken before restoring control to the player." />
  <Range type="float" default="30" description="Controls how far away from the player the object can be before loading." />
  <m_IsConstantFrame type="bool" default="false" description="" />
  <m_IsConstantPosition type="bool" default="true" description="" />
  <m_IsMonkeyHunting type="bool" default="false" description="If true, automatically steers Sonic towards the MonkeyTarget." />
  <m_IsStopBoost type="bool" default="false" description="Disables boost if the player enters the spring while boosting." />
  <m_IsTo3D type="bool" default="false" description="Changes the mode to 3D when interacting with the object." />
  <m_MonkeyTarget type="vector" description="Location to launch Sonic when IsMonkeyHunting is enabled." />
  <HasBase type="bool" default="false" description="Toggles whether the spring has an extra model at the base." />
  <m_IsMonkeyHuntingLowAngle type="bool" default="true" description="" />
  
  <Extra type="model" name="cmn_obj_springred_HD.model" />  
  <Extra type="description" name="Spring into action with this conveniently placed mechanical wonder." />
</Template>
