<?xml version="1.0" ?>
<Template>
  <DebugShotTimeLength type="float" default="2" description="A debug visualization tool." />
  <DownThornTime type="float" default="1" description="Time the thorn remains down." />
  <FirstSpeed type="float" default="25" description="Initial speed of the launch." />
  <GroundOffset type="float" default="0" description="" />
  <IsChangeCameraWhenPathChange type="bool" default="true" description="Resets the camera upon changing paths." />
  <IsPathChange type="bool" default="false" description="Used when leaving the current spline." />
  <IsStartVelocityConstant type="bool" default="true" description="Causes the player to follow the spring's trajectory. If false, the spring will function like the Classic games, adding speed based on how the player hit it." />
  <IsWallWalk type="bool" default="false" description="Causes the player to wall-run if the spring launches to a wall." />
  <IsYawUpdate type="bool" default="false" description="When true, causes the player to rotate in the air during their launch." />
  <KeepVelocityDistance type="float" default="5" description="Distance before restoring gravity to Sonic. If set too high, gravity will be disabled until hitting another spring or object." />
  <OutOfControl type="float" default="0.25" description="Time taken before restoring control to the player." />
  <Phase type="float" default="0" description="" />
  <UpThornTime type="float" default="2" description="Time the thorn remains up." />
  
  <Extra type="model" name="cmn_obj_springair_top_HD.model" />
  <Extra type="description" name="A floating spring with spikes on the base." />
</Template>
