<?xml version="1.0" ?>
<Template>
  <Collision_Height type="float" default="30" description="" />
  <Collision_Width type="float" default="10" description="" />
  <EaseTime type="float" default="2" description="" />
  <GroundOffset type="float" default="0" description="" />
  <IsCastShadow type="bool" default="true" description="" />
  <IsForceToGround type="bool" default="false" description="" />
  <KeepTime type="float" default="5" description="" />
  <Range type="float" default="100" description="" />
  <Speed type="float" default="40" description="" />
  <ToPathEaseTime type="float" default="0.5" description="" />
  <Type type="float" default="0" description="" />
</Template>
