<?xml version="1.0" ?>
<Template>
  <Collision_Height type="float" default="3" description="" />
  <Collision_Length type="float" default="20" description="" />
  <Collision_Width type="float" default="5" description="" />
  <DefaultStatus type="float" default="1" description="" />
  <GroundOffset type="float" default="0" description="" />
  <IsCastShadow type="bool" default="false" description="" />
  <Range type="float" default="100" description="" />
  <RotationX type="float" default="25" description="" />
  <RotationY type="float" default="180" description="" />
  <Shape_Type type="float" default="0" description="" />
  <Speed type="float" default="7" description="" />
</Template>
