<?xml version="1.0" ?>
<Template>
  <Collision_Height type="float" default="35" description="" />
  <Collision_Width type="float" default="10" description="" />
  <GroundOffset type="float" default="0" description="" />
  <IsCastShadow type="bool" default="true" description="" />
  <Range type="float" default="100" description="" />
  <TargetDirection type="vector" description="" />
  <Template type="float" default="3" description="" />
  <m_CurveCorrectionForce type="float" default="1" description="" />
  <m_DashPathSideMoveRate type="float" default="0.6" description="" />
  <m_IsChangeCamera type="bool" default="true" description="" />
  <m_IsEnableAirBoost type="bool" default="false" description="" />
  <m_IsEnableFromBack type="bool" default="true" description="" />
  <m_IsEnableFromFront type="bool" default="true" description="" />
  <m_IsGravityControl type="bool" default="false" description="" />
  <m_IsLimitEdge type="bool" default="false" description="" />
  <m_IsReverseCameraEnable type="bool" default="false" description="" />
  <m_PathCorrectionForce type="float" default="1" description="" />
  <Extra type="preview_box_x" name="Collision_Width" />
  <Extra type="preview_box_y" name="Collision_Height" />
</Template>
