<?xml version="1.0" ?>
<Template>
  <Collision_Height type="float" default="65" description="" />
  <Collision_Width type="float" default="49" description="" />
  <GroundOffset type="float" default="0" description="" />
  <IsCastShadow type="bool" default="false" description="" />
  <Range type="float" default="100" description="" />
  <TargetDirection type="vector" description="" />
  <Template type="float" default="0" description="" />
  <m_CurveCorrectionForce type="float" default="1" description="" />
  <m_DashPathSideMoveRate type="float" default="0.6" description="" />
  <m_IsAutoChange2DPath type="bool" default="true" description="" />
  <m_IsChangeCamera type="bool" default="true" description="" />
  <m_IsEnableFromBack type="bool" default="true" description="" />
  <m_IsEnableFromFront type="bool" default="true" description="" />
  <m_IsLimitEdge type="bool" default="true" description="" />
  <m_IsPadCorrect type="bool" default="true" description="" />
  <m_IsReverseCameraEnable type="bool" default="false" description="" />
  <m_PathCorrectionForce type="float" default="0" description="" />
  <m_PathEaseTime type="float" default="1" description="" />
</Template>
