<?xml version="1.0" ?>
<Template>
  <Collision_Height type="float" default="600" description="" />
  <Collision_Length type="float" default="900" description="" />
  <Collision_Width type="float" default="900" description="" />
  <DefaultStatus type="float" default="0" description="" />
  <GroundOffset type="float" default="0" description="" />
  <IsCastShadow type="bool" default="false" description="" />
  <Range type="float" default="1000" description="" />
  <Shape_Type type="float" default="0" description="" />
  <m_FPS type="float" default="30" description="" />
</Template>
