<?xml version="1.0" ?>
<Template>
  <Collision_Height type="float" default="2" description="" />
  <Collision_Width type="float" default="5" description="" />
  <GroundOffset type="float" default="0" description="" />
  <ImpulseSpeedOnBoost type="float" default="50" description="" />
  <ImpulseSpeedOnNormal type="float" default="50" description="" />
  <IsCastShadow type="bool" default="true" description="" />
  <IsStartVelocityConstant type="bool" default="true" description="" />
  <OutOfControl type="float" default="0.49" description="" />
  <Pitch type="string" default="5" description="" />
  <Range type="float" default="100" description="" />
  <SpeedMin type="float" default="20" description="" />
  <TerrainIgnoreTime type="float" default="0.25" description="" />
  <m_ClassicSpinThreshold type="float" default="30" description="" />
  <m_IsGroundOnly type="bool" default="false" description="" />
</Template>
