<?xml version="1.0" ?>
<Template>
  <Depth type="float" default="1" description="" />
  <GroundOffset type="float" default="0" description="" />
  <Height type="float" default="1.56" description="" />
  <IgnoreInputSecond type="float" default="2" description="" />
  <IsCastShadow type="bool" default="true" description="" />
  <LaunchType type="float" default="1" description="" />
  <Range type="float" default="100" description="" />
  <Velocity type="float" default="55" description="" />
  <Width type="float" default="1" description="" />
</Template>
