<?xml version="1.0" ?>
<Template>
  <Collision_Height type="float" default="1.7" description="" />
  <Collision_Length type="float" default="4.5" description="" />
  <Collision_Width type="float" default="3" description="" />
  <DefaultStatus type="float" default="0" description="" />
  <GroundOffset type="float" default="0" description="" />
  <IsCastShadow type="bool" default="true" description="" />
  <LaunchVelocity type="float" default="13" description="" />
  <NoControlTime type="float" default="0.45" description="" />
  <Range type="float" default="100" description="" />
  <Shape_Type type="float" default="0" description="" />
</Template>
