<?xml version="1.0" ?>
<Template>
  <AddRange type="float" default="0" description="" />
  <CullingRange type="float" default="70" description="" />
  <DebrisTarget type="vector" description="" />
  <GroundOffset type="float" default="0" description="" />
  <IsCastShadow type="bool" default="true" description="" />
  <IsDynamic type="bool" default="false" description="" />
  <IsReset type="bool" default="false" description="" />
  <Range type="float" default="300" description="" />
  <Type type="string" default="Blb_CPZPipe_FV" description="" />
  <WrappedObjectID type="id" description="" />
</Template>
