<?xml version="1.0" ?>
<Template>
  <Collision_Height type="float" default="3" description="" />
  <Collision_Width type="float" default="2" description="" />
  <Event0 type="float" default="1" description="" />
  <Event1 type="float" default="2" description="" />
  <GroundOffset type="float" default="0" description="" />
  <IsCastShadow type="bool" default="true" description="" />
  <Range type="float" default="10" description="" />
  <TargetList0 type="id_list" description="" />
  <TargetList1 type="id_list" description="" />
  <Timer0 type="float" default="0" description="" />
  <Timer1 type="float" default="0" description="" />
  <door_open_dist type="float" default="3" description="" />
  <door_open_dist_speed_fix type="float" default="0" description="" />
  <subset_id type="float" default="20" description="" />
</Template>
