<?xml version="1.0" ?>
<Template>
  <DebugPointClear type="bool" default="false" description="" />
  <GroundOffset type="float" default="0" description="" />
  <InvisibleTime type="float" default="1" description="" />
  <IsCastShadow type="bool" default="false" description="" />
  <MissionID type="float" default="4" description="" />
  <PathIsAccel type="float" default="0" description="" />
  <PathIsBezier type="float" default="1" description="" />
  <PathPointMoveRelative type="bool" default="true" description="" />
  <Path_IsLoop type="bool" default="true" description="" />
  <PositionList type="vector_list" description="" />
  <Range type="float" default="60" description="" />
  <StageID type="float" default="0" description="" />
  <Vel1D type="float" default="3" description="" />
</Template>
