<?xml version="1.0" ?>
<Template>
  <Amplitude type="float" default="2" description="" />
  <BeginEdge type="bool" default="false" description="" />
  <Cycle type="float" default="0.2" description="" />
  <GroundOffset type="float" default="0" description="" />
  <IsCastShadow type="bool" default="false" description="" />
  <MoveType type="float" default="0" description="" />
  <Phase type="float" default="0" description="" />
  <Range type="float" default="30" description="" />
  <Ratio type="float" default="0" description="" />
  <StageID type="float" default="0" description="" />
</Template>
