<?xml version="1.0" ?>
<Template>
  <Collision_Height type="float" default="3" description="" />
  <Collision_Length type="float" default="0.8" description="" />
  <Collision_Width type="float" default="5" description="" />
  <DefaultStatus type="float" default="0" description="" />
  <GroundOffset type="float" default="0" description="" />
  <IsCastShadow type="bool" default="false" description="" />
  <Range type="float" default="10000" description="" />
  <Shape_Type type="float" default="0" description="" />
  <StageID type="float" default="2" description="" />
</Template>
