<?xml version="1.0" ?>
<Template>
  <BigRedStarRingOffsetY type="float" default="1.7" description="" />
  <GroundOffset type="float" default="0" description="" />
  <IsCastShadow type="bool" default="false" description="" />
  <IsUseCollision type="bool" default="true" description="" />
  <OnewayFloorOffsetY type="float" default="0.15" description="" />
  <OnewayFloorWidth type="float" default="4" description="" />
  <Range type="float" default="25" description="" />
  <RedStarRingOffsetY type="float" default="0.8" description="" />
  <Scale type="float" default="0.5" description="" />
  <SecondIsUseCollision type="bool" default="false" description="" />
  <SecondOnewayFloorOffsetY type="float" default="0.5" description="" />
  <SecondOnewayFloorWidth type="float" default="5" description="" />
  <StageID type="float" default="0" description="" />
</Template>
