<?xml version="1.0" ?>
<Template>
  <ChangeActiveTime type="float" default="60" description="" />
  <ChangeWaitTime type="float" default="0" description="" />
  <Collision_Height type="float" default="62" description="" />
  <Collision_Length type="float" default="10" description="" />
  <Collision_Width type="float" default="10" description="" />
  <DefaultStatus type="float" default="0" description="" />
  <GroundOffset type="float" default="0" description="" />
  <IsCastShadow type="bool" default="false" description="" />
  <IsPlayer type="bool" default="true" description="" />
  <Range type="float" default="200" description="" />
  <Shape_Type type="float" default="0" description="" />
  <TargetAccele type="float" default="3" description="" />
  <TargetSpeed type="float" default="0.1" description="" />
  <TornadoID type="id" description="" />
</Template>
