<?xml version="1.0" ?>
<Template>
  <ActiveTime type="float" default="2" description="" />
  <AirForce type="float" default="2.6" description="" />
  <CameraID_0 type="id" description="" />
  <DebugPointClear type="bool" default="false" description="" />
  <DispOnly type="bool" default="false" description="" />
  <EffectScale type="float" default="1" description="" />
  <EnterEaseTime_0 type="float" default="0.6" description="" />
  <GroundForce type="float" default="2.7" description="" />
  <GroundOffset type="float" default="0" description="" />
  <IsCastShadow type="bool" default="false" description="" />
  <LeaveEaseTime_0 type="float" default="0" description="" />
  <PathIsAccel type="float" default="0" description="" />
  <PathIsBezier type="float" default="1" description="" />
  <PathPointMoveRelative type="bool" default="false" description="" />
  <Path_IsLoop type="bool" default="false" description="" />
  <PlayerMoveSpeedY type="float" default="7" description="" />
  <PositionList type="vector_list" description="" />
  <Range type="float" default="200" description="" />
  <RotationSpeed type="float" default="500" description="" />
  <Vel1D type="float" default="4.4" description="" />
  <WaitTime type="float" default="3" description="" />
  <WindList type="id_list" description="" />
</Template>
