<?xml version="1.0" ?>
<Template>
  <Accele type="float" default="0" description="" />
  <Amplitude type="float" default="1.6" description="" />
  <AmplitudeAngle type="float" default="0.4" description="" />
  <AmplitudeTime type="float" default="1.1" description="" />
  <AttachOffsetX type="float" default="0" description="" />
  <AttachOffsetY type="float" default="0" description="" />
  <AttachOffsetZ type="float" default="0" description="" />
  <AttachTarget type="id_list" description="" />
  <BeginEdge type="bool" default="false" description="" />
  <BootType type="float" default="0" description="" />
  <Cycle type="float" default="0.2" description="" />
  <DebugPointClear type="bool" default="false" description="" />
  <GroundOffset type="float" default="0" description="" />
  <IsCastShadow type="bool" default="true" description="" />
  <ModelType type="float" default="6" description="" />
  <MoveType type="float" default="2" description="" />
  <PathIsAccel type="float" default="0" description="" />
  <PathIsBezier type="float" default="1" description="" />
  <PathMoveType type="float" default="0" description="" />
  <PathPointMoveRelative type="bool" default="true" description="" />
  <Path_IsLoop type="bool" default="false" description="" />
  <Phase type="float" default="0.5" description="" />
  <PillarType type="float" default="0" description="" />
  <PositionList type="vector_list" description="" />
  <Range type="float" default="300" description="" />
  <Ratio type="float" default="0" description="" />
  <Vel1D type="float" default="10" description="" />
</Template>
