<?xml version="1.0" ?>
<Template>
  <FirstWaitTime type="float" default="0" description="" />
  <GroundOffset type="float" default="0" description="" />
  <IsCastShadow type="bool" default="false" description="" />
  <IsMessageOn type="bool" default="true" description="" />
  <ModelType type="float" default="0" description="" />
  <Range type="float" default="30" description="" />
  <ReadyTime type="float" default="2" description="" />
  <WaitTime type="float" default="2" description="" />
</Template>
