<?xml version="1.0" ?>
<Template>
  <ActiveHeight type="float" default="10" description="" />
  <ActiveInterval type="float" default="10" description="" />
  <CollisionLength type="float" default="0" description="" />
  <DownTime type="float" default="1" description="" />
  <DownWaitTime type="float" default="0" description="" />
  <GroundOffset type="float" default="0" description="" />
  <IsActive type="bool" default="false" description="" />
  <IsCastShadow type="bool" default="false" description="" />
  <IsMessageOn type="bool" default="false" description="" />
  <LavaLength type="float" default="12" description="" />
  <ModelType type="float" default="1" description="" />
  <MoveLength type="float" default="0" description="" />
  <PillarRadiusScale type="float" default="2.1" description="" />
  <Range type="float" default="30" description="" />
  <UpTime type="float" default="1" description="" />
  <UpWaitTime type="float" default="0" description="" />
</Template>
