<?xml version="1.0" ?>
<Template>
  <Collision_Height type="float" default="70" description="" />
  <Collision_Length type="float" default="1" description="" />
  <Collision_Width type="float" default="51" description="" />
  <DefaultStatus type="float" default="0" description="" />
  <GroundOffset type="float" default="0" description="" />
  <HeightOffset type="float" default="0" description="" />
  <IsCastShadow type="bool" default="true" description="" />
  <Range type="float" default="100" description="" />
  <Shape_Type type="float" default="0" description="" />
  <ShotNum type="float" default="2" description="" />
  <ShotType0 type="float" default="3" description="" />
  <ShotType1 type="float" default="0" description="" />
  <Speed type="float" default="100" description="" />
  <TargetPos0 type="vector" description="" />
  <TargetPos1 type="vector" description="" />
  <TornadoID type="id" description="" />
  <WidthOffset0 type="float" default="-8" description="" />
  <WidthOffset1 type="float" default="12" description="" />
</Template>
