<?xml version="1.0" ?>
<Template>
  <Collision_Height type="float" default="40" description="" />
  <Collision_Width type="float" default="25" description="" />
  <GroundOffset type="float" default="0" description="" />
  <IsCastShadow type="bool" default="true" description="" />
  <Range type="float" default="100" description="" />
  <TargetDirection type="vector" description="" />
  <m_IsChangeCamera type="bool" default="true" description="If enabled, forces the camera to a side view." />
  <m_IsEnableFromBack type="bool" default="true" description="" />
  <m_IsEnableFromFront type="bool" default="true" description="" />
  <m_IsPadCorrect type="bool" default="true" description="" />
  <m_PathEaseTime type="float" default="0.5" description="" />
  <Extra type="preview_box_x" name="Collision_Width" />
  <Extra type="preview_box_y" name="Collision_Height" />
  
  <Extra type="model" name="DebugArrow.model" />
</Template>
