<?xml version="1.0" ?>
<Template>
  <Collision_Height type="float" default="48" description="" />
  <Collision_Width type="float" default="15" description="" />
  <GroundOffset type="float" default="0" description="" />
  <IsCastShadow type="bool" default="true" description="" />
  <Range type="float" default="100" description="" />
  <TargetDirection type="vector" description="" />
  <Template type="float" default="0" description="A debug shortcut used to quickly set CurveCorrectionForce and PathCorrectionForce:
  0: Narrow Road
  1: Wide Road
  2: Custom" />
  <m_CurveCorrectionForce type="float" default="0" description="" />
  <m_IsChangeCamera type="bool" default="true" description="" />
  <m_IsEnableFromBack type="bool" default="true" description="" />
  <m_IsEnableFromFront type="bool" default="true" description="" />
  <m_IsLimitEdge type="bool" default="true" description="" />
  <m_IsReverseCameraEnable type="bool" default="false" description="" />
  <m_PathCorrectionForce type="float" default="0.5" description="" />
  
  <Extra type="model" name="DebugArrow.model" />
  <Extra type="preview_box_x" name="Collision_Width" />
  <Extra type="preview_box_y" name="Collision_Height" />
</Template>
