<?xml version="1.0" ?>
<Template>
  <Collision_Height type="float" default="30" description="" />
  <Collision_Width type="float" default="10" description="" />
  <EaseTime type="float" default="2" description="Time to reach the specified speed." />
  <GroundOffset type="float" default="0" description="" />
  <IsForceToGround type="bool" default="false" description="Snaps the player to the ground" />
  <KeepTime type="float" default="5" description="Time taken before restoring control to the player." />
  <Speed type="float" default="40" description="How fast the player should move." />
  <ToPathEaseTime type="float" default="0.5" description="Time to be corrected on the path." />
  <Type type="float" default="0" description="" />
  
  <Extra type="preview_box_x" name="Collision_Width" />
  <Extra type="preview_box_y" name="Collision_Height" />
  <Extra type="description" name="A volume which begins an autorun sequence." />
  <Extra type="model" name="DebugArrow.model" />
</Template>
