<?xml version="1.0" ?>
<Template>
  <Collision_Height type="float" default="30" description="" />
  <Collision_Width type="float" default="10" description="" />
  <GroundOffset type="float" default="0" description="" />
  <IsCastShadow type="bool" default="true" description="" />
  <Range type="float" default="100" description="" />
  
  <Extra type="preview_box_x" name="Collision_Width" />
  <Extra type="preview_box_y" name="Collision_Height" />
  <Extra type="description" name="A volume which ends an autorun sequence." />
</Template>
