<?xml version="1.0" ?>
<Template>
  <Collision_Height type="float" default="30" description="" />
  <Collision_Width type="float" default="10" description="" />
  <GroundOffset type="float" default="0" description="" />
  <m_IsRate type="bool" default="false" description="" />
  <m_Speed type="float" default="60" description="How fast the player should move" />
  <m_SpeedRate type="float" default="1" description="" />
  
  <Extra type="preview_box_x" name="Collision_Width" />
  <Extra type="preview_box_y" name="Collision_Height" />
  <Extra type="description" name="A volume which changes the player's speed." />
  <Extra type="model" name="DebugArrow.model" />
</Template>
