<?xml version="1.0" ?>
<Template>
  <Collision_Height type="float" default="110" description="" />
  <Collision_Length type="float" default="30" description="" />
  <Collision_Width type="float" default="30" description="" />
  <DefaultStatus type="float" default="0" description="" />
  <EaseTime type="float" default="1" description="" />
  <GroundOffset type="float" default="0" description="" />
  <ID type="float" default="0" description="" />
  <IsCastShadow type="bool" default="true" description="" />
  <LuminanceHigh type="float" default="1.74" description="" />
  <LuminanceLow type="float" default="0.25" description="" />
  <Range type="float" default="100" description="" />
  <Shape_Type type="float" default="0" description="" />
  <ToneMapMiddleGray type="float" default="0.82" description="" />
  <ToneMapSimpleScale type="float" default="1" description="" />
  
  <Extra type="preview_box_x" name="Collision_Width" />
  <Extra type="preview_box_y" name="Collision_Height" />
  <Extra type="preview_box_z" name="Collision_Length" />
</Template>
