<?xml version="1.0" ?>
<Template>
  <Condition type="float" default="0" description="" />
  <Event0 type="integer" default="7" description="The event to fire:
  0:No event   1:Open   2:Close  3:Kill  4:Generate  5:Get_off   6:On   7:Off  8:Attack  9:Attack_Ready  10:Can't_Attack" />
  <Event1 type="integer" default="0" description="Event to fire on TargetList1. Events continued: 
  11:Return   12:Destroy  13:Start_Moving   14:Reset  15:Rise  16:Descent  17:Start   18:Invert  19:Clear" />
  <Event2 type="integer" default="0" description="Event to fire on TargetList2" />
  <Event3 type="integer" default="0" description="Event to fire on TargetList3" />
  <GroundOffset type="float" default="0" description="" />
  <TargetList0 type="id_list" description="The first list of objects to group" />
  <Timer0 type="float" default="0" description="Delay before activating Event0" />
  <Timer1 type="float" default="0" description="Delay before activating Event1" />
  <Timer2 type="float" default="0" description="Delay before activating Event2" />
  <Timer3 type="float" default="0" description="Delay before activating Event3" />
  <TimesType type="float" default="1" description="" />
  <Trigger type="float" default="4" description="" />
  <TriggerList type="id_list" description="Triggers the event(s) upon interacting with the object(s)" />
  <TargetList1 type="id_list" description="The second list of objects to group" />
  <TargetList2 type="id_list" description="The third list of objects to group" />
  <TargetList3 type="id_list" description="The fourth list of objects to group" />
  
  <Extra type="model" name="EventSetter.model" />
  <Extra type="description" name="An object which groups objects to trigger an event. Commonly used to trigger an event after killing enemies." />
</Template>
