<?xml version="1.0" ?>
<Template>
  <Collision_Height type="float" default="10" description="" />
  <Collision_Length type="float" default="20" description="" />
  <Collision_Width type="float" default="10" description="" />
  <DefaultStatus type="float" default="0" description="Whether the object starts inactive:
  0: Active
  1: Inactive" />
  <EnteringLimitTime type="float" default="3" description="Duration before gravity resets to normal." />
  <Gravity type="float" default="32.5" description="Strength of the gravity." />
  <GroundOffset type="float" default="0" description="" />
  <Shape_Type type="float" default="0" description="" />
  
  <Extra type="preview_box_x" name="Collision_Width" />
  <Extra type="preview_box_y" name="Collision_Height" />
  <Extra type="preview_box_z" name="Collision_Length" />
  <Extra type="description" name="A volume which adjusts the strength of gravity on Sonic." />
</Template>
