<?xml version="1.0" ?>
<Template>
  <Collision_Height type="float" default="50" description="" />
  <Collision_Length type="float" default="100" description="" />
  <Collision_Width type="float" default="105" description="" />
  <DefaultStatus type="float" default="0" description="" />
  <GroundOffset type="float" default="0" description="" />
  <Shape_Type type="float" default="0" description="" />
  <Speed type="float" default="25" description="Speed at which the player moves while in the collision." />
  
  <Extra type="preview_box_x" name="Collision_Width" />
  <Extra type="preview_box_y" name="Collision_Height" />
  <Extra type="preview_box_z" name="Collision_Length" />
  <Extra type="description" name="A volume which slows the player." />
</Template>
