<?xml version="1.0" ?>
<Template>
  <GroundOffset type="float" default="0" description="" />
  <IsCastShadow type="bool" default="true" description="" />
  <IsMessageOn type="bool" default="false" description="" />
  <Radius type="float" default="4" description="" />
  <Range type="float" default="200" description="" />
  <ResultPosition type="vector" description="" />
  <SENumber type="float" default="6" description="" />
  <AddRange type="float" default="0" description="" />
  <BossKeyType type="float" default="3" description="" />
  <IsMessageON type="bool" default="false" description="" />
  <Extra type="model" name="cmn_obj_goalring_HD.model" />
  <Extra type="offset_rotation_y_speed" name="120" />
</Template>
