<?xml version="1.0" ?>
<Template>
  <DefaultPreGoalCameraFovy type="float" default="30" description="" />
  <DefaultPreGoalCameraOffsetPositionX type="float" default="0" description="" />
  <DefaultPreGoalCameraOffsetPositionY type="float" default="3" description="" />
  <DefaultPreGoalCameraOffsetPositionZ type="float" default="15" description="" />
  <DefaultPreGoalCameraOffsetTargetX type="float" default="0" description="" />
  <DefaultPreGoalCameraOffsetTargetY type="float" default="2" description="" />
  <DefaultPreGoalCameraOffsetTargetZ type="float" default="0" description="" />
  <GroundOffset type="float" default="0" description="" />
  <IsCastShadow type="bool" default="true" description="" />
  <IsCustomPreGoalCameraParam type="bool" default="false" description="" />
  <IsMessageOn type="bool" default="false" description="" />
  <IsPopCameraAll type="bool" default="true" description="" />
  <IsUsePreGoalCameraParam type="bool" default="true" description="" />
  <OverrideDiffuse type="float" default="1" description="" />
  <PreGoalCameraCollisionSizeX type="float" default="4.2" description="" />
  <PreGoalCameraCollisionSizeY type="float" default="32" description="" />
  <PreGoalCameraCollisionSizeZ type="float" default="3" description="" />
  <Range type="float" default="30" description="" />
  <ResultDegree type="float" default="0" description="" />
  <ResultPosition type="vector" description="" />
  <Extra type="model" name="cmn_obj_c_goalplate_egg_HD.model" />
  <Extra type="skeleton" name="cmn_obj_c_goalplate_egg_HD.skl.hkx" />
  <Extra type="animation" name="cmn_obj_c_goalplate_egg_HD_loop.anm.hkx" />
</Template>
