<?xml version="1.0" ?>
<Template>
  <Comment type="bool" default="false" description="" />
  <CommentE type="bool" default="false" description="" />
  <CommentF type="bool" default="false" description="" />
  <CommentG type="bool" default="false" description="" />
  <CommentI type="bool" default="false" description="" />
  <CommentS type="bool" default="false" description="" />
  <Cond type="float" default="0" description="" />
  <CueName type="string" default="Anniv_OC_Basic011" description="" />
  <GroundOffset type="float" default="0" description="" />
  <IsCastShadow type="bool" default="true" description="" />
  <PageNum type="float" default="1" description="" />
  <PageNumE type="float" default="1" description="" />
  <PageNumF type="float" default="1" description="" />
  <PageNumG type="float" default="1" description="" />
  <PageNumI type="float" default="1" description="" />
  <PageNumS type="float" default="1" description="" />
  <Range type="float" default="100" description="" />
  <SerifuID type="float" default="2012" description="" />
  <SerifuTime0 type="float" default="10" description="" />
  <SerifuTime1 type="float" default="10" description="" />
  <SerifuTime2 type="float" default="10" description="" />
  <SerifuTime3 type="float" default="10" description="" />
  <SerifuTime4 type="float" default="10" description="" />
  <SerifuTimeE0 type="float" default="10" description="" />
  <SerifuTimeE1 type="float" default="10" description="" />
  <SerifuTimeE2 type="float" default="10" description="" />
  <SerifuTimeE3 type="float" default="10" description="" />
  <SerifuTimeE4 type="float" default="10" description="" />
  <SerifuTimeF0 type="float" default="10" description="" />
  <SerifuTimeF1 type="float" default="10" description="" />
  <SerifuTimeF2 type="float" default="10" description="" />
  <SerifuTimeF3 type="float" default="10" description="" />
  <SerifuTimeF4 type="float" default="10" description="" />
  <SerifuTimeG0 type="float" default="10" description="" />
  <SerifuTimeG1 type="float" default="10" description="" />
  <SerifuTimeG2 type="float" default="10" description="" />
  <SerifuTimeG3 type="float" default="10" description="" />
  <SerifuTimeG4 type="float" default="10" description="" />
  <SerifuTimeI0 type="float" default="10" description="" />
  <SerifuTimeI1 type="float" default="10" description="" />
  <SerifuTimeI2 type="float" default="10" description="" />
  <SerifuTimeI3 type="float" default="10" description="" />
  <SerifuTimeI4 type="float" default="10" description="" />
  <SerifuTimeS0 type="float" default="10" description="" />
  <SerifuTimeS1 type="float" default="10" description="" />
  <SerifuTimeS2 type="float" default="10" description="" />
  <SerifuTimeS3 type="float" default="10" description="" />
  <SerifuTimeS4 type="float" default="10" description="" />
  <SlowTime type="float" default="0" description="" />
  <UseVoiceTime type="bool" default="true" description="" />
  <UseVoiceTimeE type="bool" default="true" description="" />
  <UseVoiceTimeF type="bool" default="true" description="" />
  <UseVoiceTimeG type="bool" default="true" description="" />
  <UseVoiceTimeI type="bool" default="true" description="" />
  <UseVoiceTimeS type="bool" default="true" description="" />
  <WaitType type="float" default="1" description="" />
  <For2D type="bool" default="true" description="" />
  <Extra type="model" name="chr_omochao_HD.model" />
  <Extra type="skeleton" name="chr_omochao_HD.skl.hkx" />
  <Extra type="animation" name="omc_idle_ground_loop.anm.hkx" />
</Template>
