<?xml version="1.0" ?>
<Template>
  <DimensionType type="float" default="0" description="" />
  <GroundOffset type="float" default="0" description="" />
  <Height type="float" default="5" description="" />
  <IsCastShadow type="bool" default="false" description="" />
  <PointMarkerID type="float" default="2" description="" />
  <Range type="float" default="30" description="" />
  <Width type="float" default="1.4" description="" />
  <StageType type="float" default="0" description="" />
  <Extra type="model" name="cmn_obj_pointmarkerL_HD.model" />
</Template>
