<?xml version="1.0" ?>
<Template>
  <Centripetal type="float" default="6" description="" />
  <GroundOffset type="float" default="0" description="" />
  <IsCastShadow type="bool" default="false" description="" />
  <IsChangePath type="bool" default="false" description="" />
  <IsInverse type="bool" default="true" description="" />
  <IsLaunchLow type="bool" default="true" description="" />
  <IsLaunchStraight type="bool" default="false" description="" />
  <IsWalkWall type="bool" default="false" description="" />
  <KeepVelocityTime type="float" default="0.8" description="" />
  <LaunchEdPos type="vector" description="" />
  <LaunchSpeed type="float" default="40" description="" />
  <LaunchStPos type="float" default="135" description="" />
  <OutOfControl type="float" default="1.95" description="" />
  <Range type="float" default="300" description="" />
  <RotVelocity type="float" default="100" description="" />
  <WireLen type="float" default="51" description="" />
</Template>
