<?xml version="1.0" ?>
<Template>
  <BlockNum type="float" default="4" description="" />
  <BlockSize type="float" default="2" description="" />
  <BlockSpeed type="float" default="2.2" description="" />
  <GroundOffset type="float" default="0" description="" />
  <IsCastShadow type="bool" default="false" description="" />
  <IsEventStart type="bool" default="true" description="" />
  <IsJump type="bool" default="true" description="" />
  <IsMoveFirst type="bool" default="true" description="" />
  <IsPress type="bool" default="true" description="" />
  <IsSpin type="bool" default="true" description="" />
  <JumpMax type="float" default="26" description="" />
  <JumpMin type="float" default="26" description="" />
  <MoveType type="float" default="0" description="" />
  <PivotType type="float" default="0" description="" />
  <Range type="float" default="30" description="" />
  <SignTime type="float" default="0" description="" />
  <StartType type="float" default="1" description="" />
  <WaitTime type="float" default="0.3" description="" />
</Template>
