<?xml version="1.0" ?>
<Template>
  <BallSpeed type="float" default="5" description="" />
  <BallType type="float" default="0" description="" />
  <Distance type="float" default="5" description="" />
  <Event0 type="float" default="13" description="" />
  <Event1 type="float" default="13" description="" />
  <GroundOffset type="float" default="0" description="" />
  <IsCastShadow type="bool" default="false" description="" />
  <IsReverse type="bool" default="false" description="" />
  <MoveType type="float" default="2" description="" />
  <Range type="float" default="30" description="" />
  <TargetList0 type="id" description="" />
  <TargetList1 type="id" description="" />
  <Timer0 type="float" default="0" description="" />
  <Timer1 type="float" default="0" description="" />
  <ToStTime type="float" default="0" description="" />
  <WaitTime type="float" default="1.5" description="" />
</Template>
