<?xml version="1.0" ?>
<Template>
  <Collision_Height type="float" default="80" description="" />
  <Collision_Length type="float" default="5" description="" />
  <Collision_Width type="float" default="53" description="" />
  <DefaultStatus type="float" default="0" description="" />
  <DnLimit type="float" default="0" description="" />
  <DnVelocity type="float" default="1" description="" />
  <GroundOffset type="float" default="0" description="" />
  <IsCastShadow type="bool" default="false" description="" />
  <ModelType type="float" default="0" description="" />
  <Range type="float" default="10000" description="" />
  <Shape_Type type="float" default="0" description="" />
  <UpLimit type="float" default="58" description="" />
  <UpVelocity type="float" default="1" description="" />
</Template>
