<?xml version="1.0" ?>
<Template>
  <Amplitude type="float" default="2" description="" />
  <AttachOffsetX type="float" default="0" description="" />
  <AttachOffsetY type="float" default="0" description="" />
  <AttachOffsetZ type="float" default="0" description="" />
  <AttachTarget type="undefined" description="" />
  <BeginEdge type="bool" default="false" description="" />
  <Cycle type="float" default="0.2" description="" />
  <FallPointIndex type="float" default="-1" description="" />
  <FallPointTime type="float" default="-0.1" description="" />
  <FallTime type="float" default="0" description="" />
  <FloorSize type="float" default="0" description="" />
  <FloorType type="float" default="2" description="" />
  <ForceGrid type="bool" default="false" description="" />
  <Gravity type="float" default="45" description="" />
  <GroundOffset type="float" default="0" description="" />
  <InitOffset type="float" default="0" description="" />
  <IsBreakable type="bool" default="false" description="" />
  <IsCastShadow type="bool" default="false" description="" />
  <IsEnableFall type="bool" default="false" description="" />
  <IsMessageON type="bool" default="false" description="" />
  <IsRelativePosition type="bool" default="true" description="" />
  <IsReverse type="bool" default="false" description="" />
  <IsWallJump type="bool" default="false" description="" />
  <LightFieldOffset type="vector" description="" />
  <ModelInterval type="float" default="3" description="" />
  <ModelNum type="float" default="1" description="" />
  <MoveType type="float" default="0" description="" />
  <MoveTypeGeneral type="float" default="0" description="" />
  <MoveVel type="float" default="5" description="" />
  <OnFloorTime type="float" default="1.5" description="" />
  <Phase type="float" default="0" description="" />
  <PositionList type="undefined" description="" />
  <RailDir type="float" default="0" description="" />
  <Range type="float" default="40" description="" />
  <Ratio type="float" default="0" description="" />
  <ResetTime type="float" default="10" description="" />
  <StartByNotify type="bool" default="false" description="" />
  <UsePointFloor type="bool" default="false" description="" />
  <UseStartSE type="bool" default="false" description="" />
  <VisibleRail type="bool" default="true" description="" />
  <WaitShakeTime type="float" default="-0.1" description="" />
</Template>
