<?xml version="1.0" ?>
<Template>
  <Amplitude type="float" default="1" description="" />
  <AttachOffsetX type="float" default="0" description="" />
  <AttachOffsetY type="float" default="0" description="" />
  <AttachOffsetZ type="float" default="0" description="" />
  <AttachTarget type="id_list" description="" />
  <BeginEdge type="bool" default="false" description="" />
  <Cycle type="float" default="1" description="" />
  <FallPointIndex type="float" default="-1" description="" />
  <FallPointTime type="float" default="-0.1" description="" />
  <FallTime type="float" default="0" description="" />
  <FloorSize type="float" default="1" description="" />
  <FloorType type="float" default="0" description="" />
  <ForceGrid type="bool" default="false" description="" />
  <Gravity type="float" default="45" description="" />
  <GroundOffset type="float" default="0" description="" />
  <InitOffset type="float" default="0" description="" />
  <IsBreakable type="bool" default="false" description="" />
  <IsCastShadow type="bool" default="true" description="" />
  <IsEnableFall type="bool" default="false" description="" />
  <IsMessageON type="bool" default="false" description="" />
  <IsRelativePosition type="bool" default="true" description="" />
  <IsReverse type="bool" default="false" description="" />
  <IsWallJump type="bool" default="false" description="" />
  <LightFieldOffset type="vector" description="" />
  <ModelInterval type="float" default="3" description="" />
  <ModelNum type="float" default="1" description="" />
  <MoveType type="float" default="0" description="" />
  <MoveTypeGeneral type="float" default="0" description="" />
  <MoveVel type="float" default="5" description="" />
  <OnFloorTime type="float" default="5" description="" />
  <Phase type="float" default="0" description="" />
  <PositionList type="vector_list" description="" />
  <RailDir type="float" default="0" description="" />
  <Range type="float" default="30" description="" />
  <Ratio type="float" default="0" description="" />
  <ResetTime type="float" default="10" description="" />
  <StartByNotify type="bool" default="false" description="" />
  <UsePointFloor type="bool" default="true" description="" />
  <UseStartSE type="bool" default="false" description="" />
  <VisibleRail type="bool" default="true" description="" />
  <WaitShakeTime type="float" default="-0.1" description="" />
  <Extra type="model" name="ghz_obj_floorA_2b_W.model" condition_1="FloorSize == 0" condition_2="FloorType == 0" condition_3="LevelSlot == GreenHillZone" />
  <Extra type="model" name="ghz_obj_floorA_3b_W.model" condition_1="FloorSize == 1" condition_2="FloorType == 0" condition_3="LevelSlot == GreenHillZone" />
  <Extra type="model" name="ghz_obj_floorA_5b_W.model" condition_1="FloorSize == 2" condition_2="FloorType == 0" condition_3="LevelSlot == GreenHillZone" />
  <Extra type="model" name="ghz_obj_floorA_7b_W.model" condition_1="FloorSize == 3" condition_2="FloorType == 0" condition_3="LevelSlot == GreenHillZone" />
  <Extra type="model" name="ghz_obj_floorB_2b_W.model" condition_1="FloorSize == 0" condition_2="FloorType == 1" condition_3="LevelSlot == GreenHillZone" />
  <Extra type="model" name="ghz_obj_floorB_3b_W.model" condition_1="FloorSize == 1" condition_2="FloorType == 1" condition_3="LevelSlot == GreenHillZone" />
  <Extra type="model" name="ghz_obj_floorB_5b_W.model" condition_1="FloorSize == 2" condition_2="FloorType == 1" condition_3="LevelSlot == GreenHillZone" />
  <Extra type="model" name="ghz_obj_floorB_7b_W.model" condition_1="FloorSize == 3" condition_2="FloorType == 1" condition_3="LevelSlot == GreenHillZone" />
  <Extra type="model" name="ghz_obj_floor_2bx_W.model" condition_1="FloorSize == 0" condition_2="FloorType == 2" condition_3="LevelSlot == GreenHillZone" />
  <Extra type="model" name="ghz_obj_floor_4bx_W.model" condition_1="FloorSize == 1" condition_2="FloorType == 2" condition_3="LevelSlot == GreenHillZone" />
  <Extra type="model" name="ghz_obj_floor_6bx_W.model" condition_1="FloorSize == 2" condition_2="FloorType == 2" condition_3="LevelSlot == GreenHillZone" />
  <Extra type="model" name="ghz_obj_floor_8bx_W.model" condition_1="FloorSize == 3" condition_2="FloorType == 2" condition_3="LevelSlot == GreenHillZone" />
</Template>
