<?xml version="1.0" ?>
<Template>
  <GroundOffset type="float" default="0" description="" />
  <IsCastShadow type="bool" default="true" description="" />
  <IsMessageOn type="bool" default="false" description="" />
  <Range type="float" default="200" description="Controls how far away from the player the object can be before loading." />
  <ResultPosition type="vector" description="" />
  <AddRange type="float" default="0" description="" />
  <BossKeyType type="float" default="3" description="" />
  <IsMessageON type="bool" default="false" description="" />
  
  <Extra type="description" name="A wondrous object, capable of delivering judgment unto the heroic hedgehog while compelling him to pose." />
  <Extra type="model" name="cmn_obj_goalring_HD.model" />
  <Extra type="offset_rotation_y_speed" name="120" />
</Template>
