<?xml version="1.0" ?>
<Template>
  <Depth type="float" default="4.1" description="" />
  <GroundOffset type="float" default="0" description="" />
  <Height type="float" default="0.1" description="" />
  <IsCastShadow type="bool" default="true" description="" />
  <Range type="float" default="30" description="" />
  <TerrainAttribute type="float" default="1" description="" />
  <Width type="float" default="1.5" description="" />
  <ZOffsetEnable type="bool" default="true" description="" />
</Template>
