<?xml version="1.0" ?>
<Template>
  <DefaultON type="bool" default="false" description="" />
  <GroundOffset type="float" default="0" description="" />
  <Height type="float" default="15" description="" />
  <IsCastShadow type="bool" default="true" description="" />
  <IsEffect type="bool" default="false" description="" />
  <IsPlayerTerrain type="bool" default="false" description="" />
  <Length type="float" default="10" description="" />
  <Range type="float" default="10100" description="" />
  <Width type="float" default="15" description="" />
  <m_IsSearchInsulateOnly type="bool" default="false" description="" />
  <IsPushBoxWall type="bool" default="false" description="" />
  <Extra type="preview_box_x" name="Width" />
  <Extra type="preview_box_y" name="Height" />
  <Extra type="preview_box_z" name="Length" />
</Template>
