<?xml version="1.0" ?>
<Template>
  <ChangeMoveTimeSpeedScale type="float" default="0.5" description="" />
  <ChargeLimitTime type="float" default="1.5" description="" />
  <Friction type="float" default="0.5" description="" />
  <Gravity type="float" default="0.5" description="" />
  <GravityOffset type="float" default="0.1" description="" />
  <GroundOffset type="float" default="0" description="" />
  <HSpeed type="float" default="3.5" description="" />
  <IsCastShadow type="bool" default="false" description="" />
  <QuickTurnLimitSpeed type="float" default="0.100001" description="" />
  <QuickTurnNewSpeed type="float" default="1" description="" />
  <Range type="float" default="99999" description="" />
  <ReviveRange type="float" default="2" description="" />
  <VSpeed type="float" default="4" description="" />
  <VelocityLimit type="float" default="2" description="" />
</Template>
