<?xml version="1.0" ?>
<Template>
  <AppearTime type="float" default="0.3" description="" />
  <EventRadius type="float" default="3" description="" />
  <GroundOffset type="float" default="0" description="" />
  <HomingAspect type="float" default="1" description="" />
  <HomingDistance type="float" default="35" description="" />
  <HomingFovy type="float" default="85" description="" />
  <HomingNear type="float" default="1.2" description="" />
  <HomingOffsetX type="float" default="-1" description="" />
  <HomingOffsetY type="float" default="1.2" description="" />
  <HomingRotationX type="float" default="31" description="" />
  <HomingSpeed type="float" default="50.0998" description="" />
  <IsCastShadow type="bool" default="true" description="" />
  <Range type="float" default="99999" description="" />
</Template>
