<?xml version="1.0" ?>
<Template>
  <ChangeMoveTimeSpeedScale type="float" default="0.5" description="" />
  <ChargeLimitTime type="float" default="1.5" description="" />
  <Friction type="float" default="0.5" description="" />
  <Gravity type="float" default="0.6" description="" />
  <GravityOffset type="float" default="0.1" description="" />
  <GroundOffset type="float" default="0" description="" />
  <HSpeed type="float" default="3.5" description="" />
  <IsCastShadow type="bool" default="true" description="" />
  <MovePowMax type="float" default="4.5" description="" />
  <MovePowMin type="float" default="2" description="" />
  <MovePowRatioMin type="float" default="0.300001" description="" />
  <MovePowThresholdMax type="float" default="20" description="" />
  <MovePowThresholdMin type="float" default="3" description="" />
  <PositionList type="vector_list" description="" />
  <QuickTurnLimitSpeed type="float" default="0.01" description="" />
  <QuickTurnNewSpeed type="float" default="1" description="" />
  <Range type="float" default="99999" description="" />
  <ReviveRange type="float" default="15" description="" />
  <VSpeed type="float" default="4" description="" />
  <VelocityLimit type="float" default="2.5" description="" />
  <YararePow type="float" default="8.59999" description="" />
  <YarareTime type="float" default="0.6" description="" />
</Template>
