<?xml version="1.0" ?>
<Template>
  <ColLen type="float" default="10.5" description="" />
  <GroundOffset type="float" default="0" description="" />
  <HopVY type="float" default="14.8" description="" />
  <IsCastShadow type="bool" default="true" description="" />
  <KeepTime type="float" default="3.6" description="" />
  <OffsetY type="float" default="0.8" description="" />
  <OutOfControl type="float" default="1" description="" />
  <Range type="float" default="99999" description="" />
</Template>
