<?xml version="1.0" ?>
<Template>
  <AddRange type="float" default="0" description="" />
  <CullingRange type="float" default="15" description="" />
  <DebrisTarget type="vector" description="" />
  <GroundOffset type="float" default="0" description="" />
  <IsCastShadow type="bool" default="false" description="" />
  <IsDynamic type="bool" default="false" description="" />
  <IsReset type="bool" default="false" description="" />
  <Range type="float" default="300" description="" />
  <RingNum type="float" default="10" description="" />
  <Type type="string" default="euc_obj_barrelgold" description="" />
  <WrappedObjectID type="id" description="" />
</Template>
