<?xml version="1.0" ?>
<Template>
  <FollowLerpRatio type="float" default="0.39" description="" />
  <GroundOffset type="float" default="0" description="" />
  <IsCastShadow type="bool" default="true" description="" />
  <KeepTime type="float" default="3.2" description="" />
  <NumPerSec type="float" default="30" description="" />
  <ObjVel type="float" default="27" description="" />
  <Range type="float" default="99999" description="" />
  <SearchRad type="float" default="23" description="" />
  <SearchTheta type="float" default="22" description="" />
</Template>
