<?xml version="1.0" ?>
<Template>
  <FirstSpeed type="float" default="22" description="" />
  <GroundOffset type="float" default="0" description="" />
  <HeightLimit type="float" default="12" description="" />
  <HeightOnce type="float" default="3" description="" />
  <IsCastShadow type="bool" default="true" description="" />
  <KeepVelocityDistance type="float" default="0" description="" />
  <OutOfControl type="float" default="0.6" description="" />
  <Range type="float" default="100" description="" />
</Template>
