<?xml version="1.0" ?>
<Template>
  <AttackPosition type="vector" description="" />
  <Collision_Height type="float" default="10" description="" />
  <Collision_Length type="float" default="20" description="" />
  <Collision_Width type="float" default="3" description="" />
  <DefaultStatus type="float" default="0" description="" />
  <Event0 type="float" default="6" description="" />
  <Event1 type="float" default="6" description="" />
  <Event2 type="float" default="0" description="" />
  <GroundOffset type="float" default="0" description="" />
  <IsCastShadow type="bool" default="false" description="" />
  <IsNoneStop type="bool" default="false" description="" />
  <IsPresentLocation type="bool" default="false" description="" />
  <Range type="float" default="100" description="" />
  <Shape_Type type="float" default="0" description="" />
  <TargetList0 type="id_list" description="" />
  <TargetList1 type="id_list" description="" />
  <TargetList2 type="id" description="" />
  <Timer0 type="float" default="0" description="" />
  <Timer1 type="float" default="0" description="" />
  <Timer2 type="float" default="0" description="" />
</Template>
