<?xml version="1.0" ?>
<Template>
  <CamLerpRatio type="float" default="0.9" description="" />
  <CameraOffsetY type="float" default="2" description="" />
  <CameraOffsetZ type="float" default="6" description="" />
  <CountPerPhase type="float" default="8" description="" />
  <CountPerPhase1 type="float" default="10" description="" />
  <CountPerPhase2 type="float" default="12" description="" />
  <GroundOffset type="float" default="0" description="" />
  <IsCastShadow type="bool" default="true" description="" />
  <LobRange type="float" default="3" description="" />
  <LobVelRatio type="float" default="0.5" description="" />
  <Range type="float" default="99999" description="" />
  <SlowRatio type="float" default="0.15" description="" />
  <SlowTime type="float" default="0.05" description="" />
  <Vel1 type="float" default="13" description="" />
  <Vel2 type="float" default="16" description="" />
  <Vel3 type="float" default="19" description="" />
</Template>
