<?xml version="1.0" ?>
<Template>
  <AttachOffsetX type="float" default="0" description="" />
  <AttachOffsetY type="float" default="0" description="" />
  <AttachOffsetZ type="float" default="0" description="" />
  <AttachTarget type="id_list" description="" />
  <GroundOffset type="float" default="0" description="" />
  <IsCastShadow type="bool" default="true" description="" />
  <Range type="float" default="30" description="" />
  <SearchType type="float" default="1" description="" />
  <WayPointA type="vector" description="" />
  <WayPointB type="vector" description="" />
  <m_BlowSpeed type="float" default="10" description="" />
  <m_FaintTime type="float" default="2" description="" />
  <m_MoveSpeed type="float" default="2" description="" />
</Template>
