<?xml version="1.0" ?>
<Template>
  <GroundOffset type="float" default="0" description="" />
  <IsCastShadow type="bool" default="true" description="" />
  <Range type="float" default="3000" description="" />
  <m_Accele type="float" default="90" description="" />
  <m_AttackThroughDistance type="float" default="3" description="" />
  <m_Brake type="float" default="100" description="" />
  <m_FlyHeight type="float" default="0" description="" />
  <m_KeepDistance type="float" default="7" description="" />
  <m_MaxOffset type="float" default="2" description="" />
  <m_MaxVelocity type="float" default="65" description="" />
  <m_MinVelocity type="float" default="0" description="" />
  <m_WaveCycleTime type="float" default="3" description="" />
  <m_WaveHeight type="float" default="0.5" description="" />
</Template>
