<?xml version="1.0" ?>
<Template>
  <CameraOffsetX type="float" default="17" description="" />
  <CameraOffsetY type="float" default="0" description="" />
  <CameraOffsetZ type="float" default="10" description="" />
  <CameraOffset_EaseTime_In type="float" default="1" description="" />
  <CameraOffset_EaseTime_Out type="float" default="1" description="" />
  <GroundOffset type="float" default="0" description="" />
  <IsCastShadow type="bool" default="true" description="" />
  <LoopCycle type="float" default="6" description="" />
  <Pow type="float" default="35" description="" />
  <Range type="float" default="99999" description="" />
</Template>
