<?xml version="1.0" ?>
<Template>
  <DamageTime type="float" default="0.6" description="" />
  <DebugPointClear type="bool" default="false" description="" />
  <GroundOffset type="float" default="0" description="" />
  <IsCastShadow type="bool" default="true" description="" />
  <PathIsAccel type="float" default="0" description="" />
  <PathIsBezier type="float" default="1" description="" />
  <PathPointMoveRelative type="bool" default="true" description="" />
  <Path_IsLoop type="bool" default="false" description="" />
  <PositionList type="vector_list" description="" />
  <PositionOffset type="float" default="15" description="" />
  <Range type="float" default="99999" description="" />
  <Vel1D type="float" default="10" description="" />
</Template>
