<?xml version="1.0" ?>
<Template>
  <CenterTheta type="float" default="0" description="" />
  <Cycle type="float" default="5.8" description="" />
  <GroundOffset type="float" default="0" description="" />
  <IsCastShadow type="bool" default="false" description="" />
  <MaxLen type="float" default="20" description="" />
  <MaxTheta type="float" default="180" description="" />
  <NaviFlag type="bool" default="false" description="" />
  <Range type="float" default="30" description="" />
  <Type type="float" default="1" description="" />
</Template>
