<?xml version="1.0" ?>
<Template>
  <BombType type="float" default="0" description="" />
  <Collision_Height type="float" default="10" description="" />
  <Collision_Length type="float" default="7" description="" />
  <Collision_Width type="float" default="10" description="" />
  <DefaultStatus type="float" default="0" description="" />
  <GroundOffset type="float" default="0" description="" />
  <IsCastShadow type="bool" default="false" description="" />
  <PointList type="vector_list" description="" />
  <Range type="float" default="1000" description="" />
  <Shape_Type type="float" default="0" description="" />
  <TargetPos type="vector" description="" />
</Template>
