<?xml version="1.0" ?>
<Template>
  <GroundOffset type="float" default="0" description="" />
  <IsCastShadow type="bool" default="true" description="" />
  <Range type="float" default="10000" description="" />
  <m_AcceleSpeed type="float" default="3" description="" />
  <m_AutoLiftVelocity type="float" default="3" description="" />
  <m_BrakeSpeed type="float" default="4.5" description="" />
  <m_DamageIgnoreTime type="float" default="3" description="" />
  <m_DashRingGravitate type="float" default="100" description="" />
  <m_FlyVoiceSpanTime type="float" default="2.2" description="" />
  <m_ForceReturnTime type="float" default="1.8" description="" />
  <m_FreeHorzInitVelocity type="float" default="0.2" description="" />
  <m_FreeHorzTime type="float" default="1.5" description="" />
  <m_FreeHorzVelocity type="float" default="1.2" description="" />
  <m_FreeUpVelocity type="float" default="2" description="" />
  <m_LiftDownVelocity type="float" default="-5" description="" />
  <m_LiftingIgnoreTime type="float" default="0.1" description="" />
  <m_LimitBrakeVelocity type="float" default="20" description="" />
  <m_MaxLiftDownSpeed type="float" default="-5" description="" />
  <m_MaxLiftUpSpeed type="float" default="5" description="" />
  <m_MaxMoveSpeed type="float" default="5" description="" />
  <m_OneLiftVelocity type="float" default="2" description="" />
  <m_RotateSpeed type="float" default="15" description="" />
</Template>
