<?xml version="1.0" ?>
<Template>
  <CharmyID type="id" description="" />
  <EffectScale type="float" default="6" description="" />
  <GroundOffset type="float" default="0" description="" />
  <IsCastShadow type="bool" default="true" description="" />
  <Range type="float" default="30" description="" />
  <SpanTime type="float" default="2" description="" />
  <v.m_DoubleAttackRatio type="float" default="30" description="" />
  <v.m_FirstVelocity type="float" default="1" description="" />
  <v.m_FitInPath type="bool" default="true" description="" />
  <v.m_IntervalCreate type="float" default="4" description="" />
  <v.m_LimitNum type="float" default="-1" description="" />
  <v.m_MaxVelocity type="float" default="7" description="" />
  <v.m_Scale type="float" default="0.7" description="" />
</Template>
