<?xml version="1.0" ?>
<Template>
  <Acc1D type="float" default="30" description="" />
  <Collision_Height type="float" default="10" description="" />
  <Collision_Length type="float" default="1" description="" />
  <Collision_Width type="float" default="4" description="" />
  <DefaultStatus type="float" default="0" description="" />
  <GroundOffset type="float" default="0" description="" />
  <IsCastShadow type="bool" default="false" description="" />
  <Range type="float" default="99999" description="" />
  <Shape_Type type="float" default="0" description="" />
  <Vel1D type="float" default="30" description="" />
</Template>
