<?xml version="1.0" ?>
<Template>
  <GroundOffset type="float" default="0" description="" />
  <IsCastShadow type="bool" default="true" description="" />
  <Range type="float" default="30" description="" />
  <SearchType type="float" default="1" description="" />
  <WayPointA type="vector" description="" />
  <WayPointB type="vector" description="" />
  <m_BlowSpeed type="float" default="15" description="" />
  <m_FaintTime type="float" default="5" description="" />
  <m_IsAttack type="bool" default="false" description="" />
  <m_MoveSpeed type="float" default="1" description="" />
  <m_ShotChargeTime type="float" default="2" description="" />
  <m_ShotSpeed type="float" default="10" description="" />
  <m_UpBlowSpeed type="float" default="12" description="" />
  <m_WaveCycle type="float" default="5" description="" />
  <m_WaveHeight type="float" default="0.3" description="" />
</Template>
