<?xml version="1.0" ?>
<Template>
  <ActionRange type="float" default="20" description="" />
  <AttackMoveSpeed type="float" default="1" description="" />
  <AttackRange type="float" default="2.5" description="" />
  <GroundOffset type="float" default="0" description="" />
  <IsAimTarget type="bool" default="false" description="" />
  <IsArrivalEffect type="bool" default="true" description="" />
  <IsCastShadow type="bool" default="true" description="" />
  <IsDamageFromOnlyPlayer type="bool" default="false" description="" />
  <IsPlayFindMotion type="bool" default="true" description="" />
  <MoveSearchTime type="float" default="3" description="" />
  <MoveSpeed type="float" default="1" description="" />
  <Range type="float" default="60" description="" />
  <SearchType type="float" default="0" description="" />
  <Target type="vector" description="" />
  <WaitTime type="float" default="3" description="" />
  <WayPointA type="vector" description="" />
  <WayPointB type="vector" description="" />
  <fallGravRate type="float" default="1" description="" />
  <fallSpeed type="float" default="5" description="" />
  <isAttackMove type="bool" default="true" description="" />
  <isFallDown type="bool" default="false" description="" />
</Template>
