<?xml version="1.0" ?>
<Template>
  <GroundOffset type="float" default="0" description="" />
  <IsCastShadow type="bool" default="true" description="" />
  <Range type="float" default="30" description="" />
  <m_EffectScale type="float" default="4" description="" />
  <m_IsMessageOn type="bool" default="true" description="" />
  <m_IsOnTopEnable type="bool" default="false" description="" />
  <m_OutOfControl type="float" default="0.2" description="" />
  <m_Phase type="float" default="0" description="" />
  <m_SpanTime type="float" default="1.5" description="" />
  <m_Velocity type="float" default="70" description="" />
</Template>
