<?xml version="1.0" ?>
<Template>
  <FirstSpeed type="float" default="17" description="" />
  <GroundOffset type="float" default="0" description="" />
  <IsCastShadow type="bool" default="false" description="" />
  <IsChangeCameraWhenChangePath type="bool" default="false" description="" />
  <IsChangePath type="bool" default="false" description="" />
  <IsHeadToVelocity type="bool" default="false" description="" />
  <IsTo3D type="bool" default="false" description="" />
  <KeepVelocityDistance type="float" default="5" description="" />
  <LinkPrev type="id" description="" />
  <OutOfControl type="float" default="0.25" description="" />
  <Range type="float" default="100" description="" />
</Template>
