<?xml version="1.0" ?>
<Template>
  <GroundOffset type="float" default="0" description="" />
  <Hitpoint type="float" default="2" description="" />
  <IsCastShadow type="bool" default="true" description="" />
  <IsEnableAttack type="bool" default="true" description="" />
  <ODStandbyTime0 type="float" default="1.4" description="" />
  <ODStandbyTime1 type="float" default="1" description="" />
  <ODStandbyTime2 type="float" default="0.8" description="" />
  <ODStandbyTime3 type="float" default="0.6" description="" />
  <Range type="float" default="10000" description="" />
</Template>
