<?xml version="1.0" ?>
<Template>
  <CancelAngle type="float" default="90" description="" />
  <CollisionType type="float" default="1" description="" />
  <Collision_Height type="float" default="11" description="" />
  <Collision_Length type="float" default="48" description="" />
  <Collision_Width type="float" default="15" description="" />
  <DefaultStatus type="float" default="0" description="" />
  <DelayTime type="float" default="7" description="" />
  <DelayType type="float" default="0" description="" />
  <DirectionType type="float" default="0" description="" />
  <GroundOffset type="float" default="0" description="" />
  <InputAngle type="float" default="70" description="" />
  <IsCastShadow type="bool" default="true" description="" />
  <NavigationType type="float" default="2" description="" />
  <OffSpeed type="float" default="5" description="" />
  <OnSpeed type="float" default="5" description="" />
  <OutputTime type="float" default="3" description="" />
  <QSType type="float" default="0" description="" />
  <Range type="float" default="1000" description="" />
  <SlidingPosition type="vector" description="" />
  <TargetObject_RelationSetObject type="id" description="" />
</Template>
